,A,B,C,D
2020-01-01,-0.4034105376808906,2.2722575120563926,-2.1393025254835436,0.6036681304827324
2020-01-02,0.9085016005672374,0.33416760615058627,-0.3726018370435219,2.604508317218801
2020-01-03,-1.3332360993793793,-0.370015035862251,-0.7315887078102968,-0.8047296374292445
2020-01-04,0.13696606229529354,1.1803648609777282,-0.6347844259947951,0.5795864294681385
2020-01-05,-1.0640751155378316,0.046090001416887995,-0.7123404183281477,0.7459105828465253
2020-01-06,1.4510120847947736,-1.146698711888739,0.12674822818609982,0.6521971079021648
2020-01-07,0.756982098924734,-0.9243689705976246,-1.1882609718549335,-1.1432054902995143
2020-01-08,-0.4181506041487554,0.4599263980481776,-0.33929268073975893,0.6937296462537212
2020-01-09,0.06098332589690137,-0.2746739556042173,0.11932416999329921,0.7243856987467187
2020-01-10,-0.36552938164241566,0.8181856811137379,-1.3333076263810595,-0.7734777620878851
2020-01-11,0.9969013697123079,-0.06524657849114457,-1.296119071490493,-0.8119311265198298
2020-01-12,-0.12941806206040204,1.2258712793913942,0.8062806465487434,0.7844108381092428
2020-01-13,0.2331750409149689,0.008418520991827563,-0.5964166623948763,1.513647553430175
2020-01-14,0.595406465194942,0.9973677036114209,0.17374757814551436,-1.6932486797236528
2020-01-15,0.6309568650517379,-1.9175399241566469,-1.056767126752933,0.2805058082506224
2020-01-16,-1.32686523658276,-2.5879207077236575,0.2685393286517801,1.3708472977996542
2020-01-17,-2.4430385972920408,1.9555279245704396,-0.46578554823134155,1.197749708832087
2020-01-18,-0.40702662741597156,1.077188365842267,-1.0279105825500634,-0.19132545683787053
2020-01-19,0.3981888718458038,0.5857870704069227,0.645200680273249,1.4745477550472177
2020-01-20,-1.6556525334334278,-0.8189496828457109,-1.0213076143857536,0.5029852862442451
2020-01-21,-1.5279455572581941,-2.2271820913088174,1.2525554269674475,-1.37663233775151
2020-01-22,0.8056418854842402,-0.8617987574075303,-0.7187345557459899,0.19047701444509424
2020-01-23,-0.6374934602738797,-0.08434615994021098,-0.28740357067157724,0.343905765597684
2020-01-24,0.9661336629437395,0.6978939979476377,0.037784011824172924,-1.2198410088291456
2020-01-25,1.1083923698935312,2.2484228634454357,2.0285737657630896,0.3074128489601284
2020-01-26,0.575495275859803,-1.3942289295752033,0.17222334845947135,-0.8878274625797739
2020-01-27,0.9237113464960928,0.5975712821885883,-1.2973075482755687,-1.4120273214870158
2020-01-28,0.9195821607445974,-2.0688262142852887,0.5106312486756759,1.3293386881715004
2020-01-29,1.2775841818684206,2.347915024135715,0.763427617658496,-0.7744115127255856
2020-01-30,1.5733070248618442,-0.501407577350365,-0.8152477801283983,-0.30609939767073
2020-01-31,1.6293242656681552,-0.5947379256727802,0.9558716732175417,1.1733900241538764
2020-02-01,0.6392182395419675,-0.02858099944996067,0.734081928387509,0.7560336261337913
2020-02-02,2.0463800497358227,0.6799208339355779,-0.7267074688065919,0.586838017692297
2020-02-03,-0.3656392443102107,1.1128780752591667,-1.2061818289417814,1.7415466815829928
2020-02-04,-0.9831376291569136,0.40900958592315223,-0.51807558155786,-0.1519283306419606
2020-02-05,0.6413656298199387,1.437358498355671,2.110492478255834,-0.5193156549610594
2020-02-06,-0.037147344423125984,0.8214785504937621,0.8042341401385155,-1.6930112628764795
2020-02-07,-0.022683968836892093,1.2623347325881487,0.1551154312261027,-0.31998709012973725
2020-02-08,0.9378676078148114,-0.9276912369006576,1.6808620630547126,1.7760736016048386
2020-02-09,-0.32825080523884065,-0.20587064632627464,-1.9346349565106487,-0.17676427301961173
2020-02-10,-0.5038361056095138,-0.967166673242577,-0.19220006555518665,0.5619144330254484
2020-02-11,0.21902587028902323,-0.8378610824061026,-0.34420062527554673,-1.5451544915879076
2020-02-12,0.2529994040134953,-0.1657687659330325,-0.6361690915809417,1.103868696094873
2020-02-13,-0.33410814531575245,-1.1018133348744596,0.4124245470499071,-1.2530864997017488
2020-02-14,0.26922342525622583,-0.8218530082366647,-1.9576475653589775,-1.5023410769944299
2020-02-15,-0.7811666256037468,-0.38247283956597844,-1.5357629318054045,-0.6206804590010385
2020-02-16,-0.31976705535981653,0.06846661929348749,1.2139129817666625,-0.24752134073250043
2020-02-17,-1.2548228275045448,-0.22504267255684218,0.03175223621475407,-0.8822254680463529
2020-02-18,0.47488549993498463,0.08457841803330457,0.275981936059748,-0.295185656788638
2020-02-19,0.3644456764649008,0.4813877732672614,-0.6329940317126306,-0.5090123016304964
2020-02-20,-0.26257847142054963,0.14935561674560133,-1.4175622376743984,-0.530677715245892
2020-02-21,-0.9228048297424496,0.8157466358566926,0.39803316386494786,-0.249260140887646
2020-02-22,1.7068738682256162,-0.10125156732517675,1.3771407568872815,0.2566481068739786
2020-02-23,-1.393551360419083,0.581558456415923,-0.9089616205061233,-1.2978553630882617
2020-02-24,-0.1029253885744689,0.39099696429967007,-0.05979940923882766,-0.31049686972608165
2020-02-25,0.34065889463822513,0.19788197879871525,0.4637965990676555,-0.5728936913769637
2020-02-26,0.1659174305475416,-1.3129941733938273,-0.1458525572837281,0.19857903320177017
2020-02-27,1.0110851416604048,0.7026608279728328,-1.5166847512567248,2.2138074012035664
2020-02-28,1.299647035968466,-0.9356269890918606,0.11017822317432178,-0.7424088678525976
2020-02-29,0.7781888719100103,-1.0855654357179436,-0.6759327190608411,1.1364607969461582
2020-03-01,-1.1382885701727496,1.9357895129276317,0.28698876524239453,0.04688043840667739
2020-03-02,-0.6121050068296089,1.2710175917903836,1.3160263324953079,-1.9434500858999109
2020-03-03,1.7044312589345139,-0.4170297193947144,-1.2567828692892655,0.9254089301428712
2020-03-04,-0.48306562428696204,-0.9295785975567442,-0.9067412489069231,-0.3437088558189972
2020-03-05,-0.1873449973128393,-0.8880217486615163,1.0192662686595602,0.020279530057097095
2020-03-06,-0.6791984307045361,0.807851551837916,0.6253663600852053,-0.22249637505463718
2020-03-07,1.4574978810865074,1.0073623882360495e-05,-0.4300949088880074,1.8441407172869648
2020-03-08,-0.23563594516337918,-0.6672509746723262,1.239446533135264,0.14849088544605427
2020-03-09,0.5894803867194476,1.1757107520696846,-0.6716506606843597,1.1858240199430048
2020-03-10,1.0191690054832319,0.26153045707778483,1.0025230784765384,0.4288176254144234
2020-03-11,0.420272280083721,0.9036572039578069,0.16264739134033365,0.5364749199360738
2020-03-12,-0.5459424686286698,-0.5245468576616064,-0.7322843533957472,1.7661375081891764
2020-03-13,1.195902531297138,0.7576424180041537,1.2754881835244816,0.05447857416715656
2020-03-14,-0.23568608121985796,-0.4474397522211461,0.38393781420212514,-0.5089946294367176
2020-03-15,-0.2624179196846035,0.4424600731021043,1.4350911402259945,-2.4240775878580907
2020-03-16,0.06489969424901483,-0.6582028818236524,2.4689842307829575,-1.2028411144420614
2020-03-17,1.2455261281494525,-0.7544786664641001,-0.0750039363548936,-0.39903686842121855
2020-03-18,-0.3320262606384541,-0.9888545650822959,-1.2002367128400186,1.0606723669623048
2020-03-19,-1.341636049676408,1.2278479203830217,-0.5657142717057756,0.39914666882865035
2020-03-20,-0.6483702267845631,0.03772976037417364,-0.94106351761387,-0.11409730660276846
2020-03-21,1.3389615228098453,0.5575852447981822,0.0016284392009567514,0.753517051270088
2020-03-22,0.024493606997458266,0.8410851621910029,-0.6341147739985799,0.4579892357105653
2020-03-23,-1.0616663021886792,1.0920763253629224,-0.6913030163267538,-1.514985548968481
2020-03-24,0.47944495543305615,-0.3238489828291119,0.4801809387619543,1.1670717118629435
2020-03-25,-0.2885739946717471,-1.9379029729264905,-0.46966550669040136,0.013505383223400549
2020-03-26,1.3797590563351847,1.0867216250273009,0.4933833521895468,-0.49725158273021924
2020-03-27,1.4119379009387045,0.5059085342078272,-0.1393214202495447,-0.6373379720428823
2020-03-28,-0.08160761058210274,-0.1414928986697261,-0.34082343669582543,-0.9581954677462019
2020-03-29,-0.10003351715900163,-0.05126699055549642,0.8566287059138864,-0.21652764903844557
2020-03-30,-0.5568822465843039,1.4578140057540585,0.5615849562803259,1.142029505176701
2020-03-31,-0.7277884334037051,1.4474180404125996,0.3231964869996023,-0.8040138509067882
2020-04-01,0.7819402937867538,-0.3602932421201679,-2.2245833028330493,-1.360853597038495
2020-04-02,1.8718365783910693,0.4299220104430534,-0.5320221611437983,-2.421614292501044
2020-04-03,0.25342690536157425,0.8752031277596061,-1.1331708800047846,-0.4140107127073873
2020-04-04,1.6459236910737158,1.4294603836007713,0.5555902855158434,-0.7629145240820605
2020-04-05,1.9601789618968486,0.7401770995768724,0.19727545726807683,-0.1531173644651663
2020-04-06,-0.08757900032782699,0.024658781656232674,-1.1507158535890663,0.9414726089367164
2020-04-07,1.0004043249333374,1.4619134356973158,-0.5683006140631561,0.4896668545293411
2020-04-08,1.667574414236795,-1.2942588501359689,-0.28307903946807467,0.6960479606266664
2020-04-09,0.5531267523147386,1.3108067715217877,-0.6573933908904595,-0.7718641573564363
2020-04-10,-0.7964563767526728,0.9956916077560738,-2.1719497302088953,-0.9137036410009801
2020-04-11,-0.27358469839787397,-0.9885525865635681,0.7745039273196173,1.2168239252362516
2020-04-12,-0.9602478680037083,1.3337446934516712,0.9434731381354127,-0.7248538396477938
2020-04-13,-1.6651623311279502,0.7989998390783304,0.9671204758720132,0.24162659187086602
2020-04-14,0.19584050848595314,1.0316989903034723,0.23358483088023774,-1.1524400046831331
2020-04-15,-0.8710517315262379,-1.7824652784106878,-0.28842427411016713,-0.309416864764088
2020-04-16,-0.7247696113148667,-2.1501163079789207,-0.13761298494584848,-0.3589246271805837
2020-04-17,-0.47599020862973723,-0.28165322432206397,-0.2050962638082375,0.7557263832711166
2020-04-18,-1.4023047601516487,-1.4770176663294985,-1.298528266555541,-1.153202291270059
2020-04-19,1.2663495669706106,2.2411717022981588,0.36780894038116424,-0.4013200274357942
2020-04-20,-2.7195845192383663,-1.6785646391866178,1.2914842590724636,-0.17293563368010184
2020-04-21,0.3735984830859333,1.6528845774210286,1.7651619125228872,0.6159656701391374
2020-04-22,-1.715812452902589,-0.037600238531199655,-0.4534345204122327,-1.2918117193494982
2020-04-23,1.5726079250736382,-0.294356035006382,1.5348017712933177,0.9706606502855326
2020-04-24,-1.4118539776505055,-0.1382617488019063,1.6135789362174433,-0.1658743141682599
2020-04-25,1.3636405574304085,2.449501736024083,-1.1829136847467823,0.34937860392461323
2020-04-26,0.864854725099301,-0.3130601652923864,-0.11913059646784567,0.4026639456986193
2020-04-27,0.616309696584477,-0.37669063946920167,0.9003516333788874,0.7583532042170863
2020-04-28,-1.3673116663659721,-0.12475941369657939,-0.6645906898901521,0.7442490644903972
2020-04-29,0.640092666010131,2.3205663429200865,0.5398073945550408,-1.277195930873761
2020-04-30,1.4059469306807613,-0.17439052785140008,-1.15213750911897,-0.24276669487056451
2020-05-01,-0.5234510775614937,0.03742794977796693,1.5791030539972617,-0.7138105981686917
2020-05-02,0.27121486228983094,-1.5314746931842642,-0.19148699745809236,-0.0009876136081506312
2020-05-03,0.7959631803931478,-0.1826691737571337,-0.5265301231713291,-1.3455426409353155
2020-05-04,1.7245702260769176,1.4405897965067633,-0.5555884622641051,-1.670998956979703
2020-05-05,-0.36603150873393536,2.4230324219783714,-1.8512563352232505,-1.1963305720695636
2020-05-06,1.3804510735400561,1.3029652018550784,0.9196004122011494,1.8075430559257581
2020-05-07,1.2994221303147966,0.137198478340894,0.31955094550179214,0.35653916467420693
2020-05-08,-0.7551922518861941,0.9598549413184204,-0.6514559907792683,-0.3514254919354164
2020-05-09,0.8118059448069507,-0.889004761892187,-1.4272913484782586,1.5740766379161417
2020-05-10,0.6855745392540219,-0.3149471930511396,-2.3875167802164388,1.1948199320909045
2020-05-11,-0.7676513131316001,0.39893762710310515,0.933074234549337,0.38086895656538694
2020-05-12,0.2156485023930861,-0.44115995435436267,-0.10232802528230543,0.4778448586284373
2020-05-13,-0.8416035176254503,0.1800309599025904,-0.09037731806842629,-0.2528118834049623
2020-05-14,-0.7949195895562083,1.4567444137380727,0.8285413486167121,-0.3017105361762382
2020-05-15,-0.45346337744244836,0.9289187776919403,0.6360115258217751,0.1901676810588795
2020-05-16,1.2068886259116463,0.7394746274925507,1.446288782035569,1.1259914640608548
2020-05-17,0.43201412711997655,0.6670895022946977,0.9051386389646288,1.0070451568571808
2020-05-18,1.0891869244756496,0.7640280534775903,0.7695147440918915,0.3132962611403779
2020-05-19,-0.4868734956292199,-0.2856427007558087,0.8659113028580222,-0.7415095571674193
2020-05-20,-0.604280516964498,-0.666108307214831,-1.1921816042062159,0.009951258875422184
2020-05-21,0.6404493614192526,1.2851733728625978,-0.08165660711241154,1.583854093314065
2020-05-22,0.7848257901520884,-0.519261323575371,0.4032599644372559,-0.8591659896570585
2020-05-23,1.84438056960724,0.08880222467617299,-0.5304017942609157,1.38170834439034
2020-05-24,-0.5002000019163086,-0.605807635086346,-0.4385482177202226,-0.6111007012122627
2020-05-25,0.4803848333734276,1.2629236390514822,-1.640077717352936,0.9042273921960059
2020-05-26,-0.6578413716624875,-0.5173161525208919,-0.4569595594735373,-0.4656537772939016
2020-05-27,-0.1452660340468361,-2.573874570379129,1.137791919097483,-0.7730229685948667
2020-05-28,-1.0245820350343962,0.39315397039660466,-2.619813538007946,-1.4080124018168236
2020-05-29,-2.3665835031002724,0.8478711383660474,-1.3479292241222545,0.04969125982384798
2020-05-30,-0.728050865246305,1.3348808602214006,-0.10476145045921963,0.9348546904077143
2020-05-31,1.7773115140757674,-0.3646849173505358,-1.0811169315775708,1.1285896017181918
2020-06-01,1.0052485863425888,0.4825122446094832,-0.6615670743379121,0.9475467816739542
2020-06-02,0.8523537917571012,0.16965509525642564,0.6937046217579003,-0.9369079571684958
2020-06-03,0.4104930214429244,0.6886925762889071,1.7845554435149205,-0.328276843920514
2020-06-04,0.6068730571440638,2.3483475959356617,0.17211677128081754,0.8916667659301275
2020-06-05,0.055215575165263875,0.3175366296623863,-0.5104107073283586,1.0820278362774247
2020-06-06,1.351603276529934,-1.1807073046907797,0.14375848342392653,-0.7451734563793617
2020-06-07,1.3435114993924004,-0.9212628793736191,0.6229360821240532,0.35330643364396624
2020-06-08,1.1156936070266652,-1.7854262596577821,-0.30874816249473647,0.5643366283413043
2020-06-09,0.1405199382092265,2.100701032987732,-0.5200964177430873,0.36480066878869954
2020-06-10,0.5127276520775311,1.1969387015313295,-0.6604247179991144,-0.13986092874532258
2020-06-11,0.6292814728337963,-0.656145713141533,3.119358406929762,-1.3994625163866974
2020-06-12,-0.1288544995366554,-0.34432701133496224,-0.2401434969581477,-0.5834508180784796
2020-06-13,0.015171454377022742,0.42366247507728966,0.43504924345527857,-2.063758527717437
2020-06-14,-0.8129651983079368,-0.12945382232804073,-0.9845560163804645,-2.392142339166536
2020-06-15,0.039203739583598685,0.35327330370959154,1.3052324445948509,1.1686883969112876
2020-06-16,1.1206841136245629,0.22935572680687502,0.7713824044633028,-0.9244817263991616
2020-06-17,-1.1371571713814679,1.484040708816025,0.36617716740552364,0.0820165850142474
2020-06-18,-0.502211190173964,2.465322950162539,0.5437196529070168,-1.0574918039013392
2020-06-19,0.6900456725362353,-0.9448074197669066,0.05703321456676538,-0.3805972599465093
2020-06-20,-0.9205283973526884,0.252129081602897,0.17989655175810793,-0.6122884942737489
2020-06-21,1.2519080118351522,0.7262849400652243,0.033998353701064674,2.091049805604526
2020-06-22,-0.11585157859225283,2.2008482874936504,-0.9020913866647192,-0.22763564344393084
2020-06-23,0.06662420502432226,0.6724543220823709,1.2131041397633928,0.6485211139679933
2020-06-24,-1.3968942400099325,0.30615830910791847,-1.036111257876661,1.4632721686772039
2020-06-25,-0.828298632300889,0.7058856576292568,-0.26042856959522476,-0.8841110932452099
2020-06-26,0.20031803243000995,0.8939582541343557,0.14166572199308616,-0.9124992544635934
2020-06-27,0.06771413881015284,0.9878209128800959,-1.6908540659139544,0.4845817578879474
2020-06-28,1.6293884663733498,-0.5844603854479952,1.1987082845350814,-1.5494025079893334
2020-06-29,-1.236661287066725,-0.7426807846879293,0.4549499370296367,-0.07625761726113278
2020-06-30,-0.8680793985242727,1.009347076481511,-0.680085536006871,0.5295245823419833
2020-07-01,-2.862791175169355,0.49310791408184995,-1.146612319005465,-1.7112890984225202
2020-07-02,0.32533679102353924,1.008080207527806,-0.6603760842349778,1.1160505288928222
2020-07-03,0.5751019027922085,1.4666926303906722,0.9593076983164864,1.3678830970169789
2020-07-04,0.24094749154678166,-0.6017531213113941,-0.170969269929491,0.6049148405155671
2020-07-05,-0.9178436277706039,-0.7623229423492294,1.179875085617158,1.5036537968284716
2020-07-06,0.501650907036302,-1.4301192407338963,-0.8228267693230914,-1.6462248367625796
2020-07-07,0.2634565773832932,1.97016626979154,-0.9176372282558208,-0.04290889086680923
2020-07-08,1.8632914462764574,0.7904296725795386,0.9013846094332874,1.1827039710076657
2020-07-09,0.4691439866521625,-0.49694648347854337,0.24933714628932388,0.6982855406541068
2020-07-10,-0.3055371337446035,1.7131881070479151,2.356985183596562,0.6982244711900467
2020-07-11,0.4372606977942118,-0.8016408217067377,2.1786600798059697,-0.4649387680238984
2020-07-12,-0.7011502201891799,-0.6191559088261931,-2.1107846103465375,-0.1485878412190581
2020-07-13,0.28520726449019435,-0.3907764312304238,-0.46110025638649266,-0.38879269950345696
2020-07-14,-0.5191916186913464,-0.5214167142802968,2.074638217268368,-1.055592034140265
2020-07-15,0.08713039278873305,-0.20887572481765368,-0.08573667167733695,0.17341711954795946
2020-07-16,-0.6307428855662527,2.265302007809636,0.2262373952911345,-0.8288388707626243
2020-07-17,0.6392012114671348,0.2881372467310515,-1.2479869750618346,-0.30179542004899396
2020-07-18,1.5001716157060043,1.2774598268901498,0.2666887982947464,0.5122554273451599
2020-07-19,-1.4064263280473732,1.5346837150996782,-0.47761009041067787,1.4158618199114577
2020-07-20,-0.24828664460672778,0.8364105527331046,0.4678088249962052,-0.5117515061520598
2020-07-21,-0.6679868166482339,1.073182191739805,0.8639405198819543,0.9697219145480979
2020-07-22,-0.03786086232698003,-0.7397816914417363,0.7289509188815104,-1.617747844814885
2020-07-23,-1.663996590841066,0.16796532807563436,-1.1819383174596692,0.5312284782123166
2020-07-24,1.2567913587903812,0.26838250307452266,0.3460662967419875,-0.2596641829579339
2020-07-25,-0.9575992265020099,-1.6346039920458428,-0.06350858807011203,0.4102877957849628
2020-07-26,-0.5154349059799945,-0.9041004985772859,-0.4164852429121175,-1.0234934833016445
2020-07-27,0.5769348859187013,-0.706784154997561,0.011209213683490475,0.4545435612237028
2020-07-28,0.8533757524269594,0.18022499549018473,0.8677254549819735,-1.8017727312600138
2020-07-29,-0.40388999405567044,0.9164709617226208,-0.5942182532271504,0.5116979471639049
2020-07-30,0.6735546934296801,-2.0063411114634735,-1.8270128441288689,0.47998824831618603
2020-07-31,-0.9124283930000325,0.14305393888091095,-0.4327536556567823,1.3855768336085463
2020-08-01,-0.12444334838151536,0.21269116634830176,-0.16344446810641222,-0.27395622735177627
2020-08-02,-0.593811842316548,-0.37528262649339394,0.3044209236394036,-0.7509970998669429
2020-08-03,0.47500167220802936,-0.22967022974397036,0.7391256036651414,-0.6936158125811515
2020-08-04,0.15494333216875908,0.5405930305628082,-0.17911493196412917,-0.43393474924969144
2020-08-05,1.6585876435411773,-1.0313445570102935,0.34233452185316654,0.024663524891018494
2020-08-06,-0.7119445662117427,-0.8733522187383508,0.3638767923128566,1.5674056351170123
2020-08-07,-0.5814033887296641,1.3843458131339834,0.7540338047225504,-0.43141072486963905
2020-08-08,0.1763060541235333,-2.2938364610684676,1.0951065893040821,1.0033068017847278
2020-08-09,-0.5270718480919464,1.3510574905440162,0.5147121416501067,1.3125271293150356
2020-08-10,-0.6268623047163836,0.5351905501261989,-0.4019358614702462,0.22275344182552234
2020-08-11,-1.6070767544328275,0.3804041101797062,0.491659441387931,-0.1430496121338298
2020-08-12,0.7921481145696603,-0.5958463959490644,0.7704051839160557,0.4062945409808375
2020-08-13,0.5889814865283172,-1.2007429909200558,0.8025808088598011,-0.13862002733577525
2020-08-14,0.6435287317831926,0.3765626925212,2.40937342056805,0.3742155135569305
2020-08-15,-0.6815273794211751,-0.14553703178394822,0.4550771367330337,0.7688446482109499
2020-08-16,0.9694584946675371,0.12605300531516908,-0.5635243201160323,1.8509431720365017
2020-08-17,-1.4613777150151166,0.2033307777943857,1.318066889168648,0.37742227867246186
2020-08-18,0.6572077605344863,1.3422349461583511,1.5853044212400367,-0.34830939016344337
2020-08-19,0.38585740013576364,1.8022924912031333,0.05221277204168308,-1.3336918151541728
2020-08-20,0.7653831097548154,0.6265219958107936,-2.177677313004039,-0.887062037841311
2020-08-21,0.6923095131596132,-0.11917956891115455,-1.404266129816503,1.070799311173597
2020-08-22,-1.2004007801412977,0.0322223473126919,-0.1619639820386168,0.930894375081038
2020-08-23,0.4973491260157199,-1.7025249972249301,0.8343747073185546,1.677364720420665
2020-08-24,0.7890883010216854,0.17050038344753304,0.1757866290855798,-0.3961249009099876
2020-08-25,-0.8258782004830001,2.0835295663819835,-0.6728481946770944,0.1784700540854963
2020-08-26,-0.42199334459266935,-0.7647457492293463,-0.4484284565798656,1.448867211458773
2020-08-27,-0.7710062812534052,0.6779254043740977,0.2727445088647069,0.4504624162990642
2020-08-28,-0.2610204456493675,0.017693084968961787,-0.28151681120816635,0.9242632439003338
2020-08-29,0.4192393185793286,-0.28799289213088203,0.11957026266047882,-1.7428789581767137
2020-08-30,-1.2321029420195169,-0.1933157465334954,-0.0924646710479071,-0.47309714109683976
2020-08-31,0.028763950456254773,0.5682839448088071,1.1698884154461806,1.0446561990828207
2020-09-01,-0.06396949879295107,-0.25772379052319644,0.3926101257871597,0.3629403955399356
2020-09-02,-0.18220576906593497,0.6656310756449925,-2.002859738192279,0.24680093945570208
2020-09-03,0.009306626328806003,0.38871436878530113,-1.3789591858942216,-1.1830030992954563
2020-09-04,-1.3220161211737942,-2.0174146740532906,-0.8439518563499517,-1.1481618266361264
2020-09-05,0.21983894799317397,-1.023308049812595,-1.0916457133472903,2.0219906736584496
2020-09-06,1.2157300643785909,0.28503337464041684,0.5089076191307056,1.0538282400889436
2020-09-07,-0.6474475677247499,-0.952459584767403,1.075604124498694,0.04086312042934856
2020-09-08,1.2326630330339823,-0.289561372907994,-0.9523856826229555,1.7959421750569249
2020-09-09,-0.19657518073553942,-0.17311118254690944,1.7114250155053272,-0.3737797635139199
2020-09-10,0.27630799049774707,-1.19361620997977,-0.43007745669455794,-0.6200886945669226
2020-09-11,-1.0600277675296237,-0.35700042280489275,0.03714349546240257,-0.7324137175024527
2020-09-12,-0.5829848643026091,1.0698847721581182,-1.024428804891785,-0.04100592063732615
2020-09-13,-0.5723873770133009,-1.9573980005362845,0.6424302177027122,1.6206064202459198
2020-09-14,0.9316730921270583,-0.6720507610303667,-0.2146255577931759,-0.9640864327431771
2020-09-15,-0.11089244964471462,-0.5088807492261059,-1.4393673800599456,0.2096944005034451
2020-09-16,0.6992286361130641,0.5040196640306747,-0.3620546894217714,0.36090589431765496
2020-09-17,-0.883448107139831,-0.3426507853442314,0.17519401757456854,0.7114635290001731
2020-09-18,-0.9483924137548879,-1.7999161990138817,0.45101561538201024,0.7978481355682524
2020-09-19,-0.016743954730634628,0.0410115034666875,-0.20112266259984757,0.61262764924309
2020-09-20,0.03635524591883648,-0.606369993365116,0.3411725053565917,-2.195924385969975
2020-09-21,-2.5776464220741735,-0.28360616749437756,-0.6126705340448174,-1.1490631558045938
2020-09-22,-1.2280580776418615,1.4028288141643865,-0.14155376454246918,0.6146849329149932
2020-09-23,-0.15440094177662242,0.35539394580030953,-0.4232226292241397,-0.09450845474787556
2020-09-24,0.4109354597296976,0.16035353338134448,0.5357218858404809,0.8587897904852585
2020-09-25,1.8137409846486479,0.061460283115009506,-0.5778351145738292,-0.329760617185175
2020-09-26,0.7925186872323949,-0.6027363800979761,-1.722290233804107,0.21476489541453678
2020-09-27,-1.146789230644206,-0.6393272645743092,0.7420720928021971,0.3693589059341902
2020-09-28,0.1420458655458071,-0.2828780545987001,-0.06092750604872129,0.6060027405299602
2020-09-29,-0.7902005903484347,0.06379600058278638,0.2288570815646663,0.5761646251140856
2020-09-30,-2.161784575885192,0.977898560606093,1.4155410294052546,-1.109707369887811
2020-10-01,0.27689086601256757,-0.8431521397038655,-1.2532920997431316,1.0278385007254502
2020-10-02,0.12648938229196627,0.34553419597227303,1.8803786962699502,-0.2685947039852104
2020-10-03,-1.4122461359317744,-0.2984758616465943,1.6780618431381717,1.2825889887346789
2020-10-04,0.7558439171032846,-1.7706591817381674,-1.5444943055011944,-0.2902162839930989
2020-10-05,1.440560681666547,0.42314905544228293,-0.12354416864636679,0.6114194313583113
2020-10-06,-0.333368864390725,-0.3668227261928685,1.6475700937294835,-0.5284528911941112
2020-10-07,0.6747923879580118,0.4064468748000593,1.041229839084627,1.687313605285744
2020-10-08,0.7209836626361702,-1.7223188673911305,0.01231743829909588,0.8084810950731515
2020-10-09,-0.14284824820786482,0.9587359416667125,1.4477844451253938,-0.06861280025238123
2020-10-10,-1.1083786729278293,1.0171785009186631,1.522167094763647,1.0803578154400377
2020-10-11,0.9929157147903697,-0.07996781898077021,-0.2861452012875897,0.31730736272500937
2020-10-12,-0.5484393037552217,0.8063462235264496,0.7468907543205365,-3.1704899030060085
2020-10-13,0.4781111028041481,0.4192673869840834,-0.013319062104859633,0.784489641569973
2020-10-14,0.10238063791160375,-0.6152064854242545,0.22271359409962593,1.113498820768079
2020-10-15,0.9592534348150503,-0.34982545401853227,-0.8174675883275736,0.5288840693642272
2020-10-16,0.1393455285485852,0.01967662151322595,1.0271187480793722,-1.2966824784658955
2020-10-17,-0.5284743654136169,0.8458806183068833,0.6132906102795883,-0.2138526629487214
2020-10-18,-0.23268559073153694,1.0441849277239492,-0.9248151484549765,-0.675203665610868
2020-10-19,0.5777077061145791,-0.14342237528090848,0.27318279275099144,-1.9186478882137292
2020-10-20,-0.7423284733519172,1.5483680114920542,0.8472225463388026,0.7874954359171179
2020-10-21,-1.3758070116276468,-0.6534780668137317,0.651103168723542,0.919567275510002
2020-10-22,-0.6943454833301893,1.117791136441446,-0.65261972006489,-0.539193958608864
2020-10-23,-0.4283506860537864,0.727650262222658,0.7280535921733359,0.15064016932084567
2020-10-24,-0.8341095227761389,-1.1398199573154293,-0.9482624031926101,1.4636631555561685
2020-10-25,-0.13203506324715586,0.29773888863545256,-0.648089199449219,-0.11806631354720368
2020-10-26,0.5952013797009528,-0.1995116947121513,-0.37302780585531603,1.0746535157231591
2020-10-27,-0.3242163143332896,2.0516839298943705,-0.5216552922306862,2.505157568946488
2020-10-28,-0.8365181469125419,0.7919577798737139,-0.5278342389541844,0.16948180193675572
2020-10-29,0.4214283371586949,0.36620789020369043,0.9268530921792739,2.190342685453965
2020-10-30,-1.6489280493177982,1.1231820112789723,-0.8072196419026757,-0.44266842229537284
2020-10-31,1.4186354092345455,-0.42423696667434324,-0.021933120969417713,0.4788669177610038
2020-11-01,-1.4359185527350125,0.6446634235303168,0.17835180828910585,0.09247875234224345
2020-11-02,-0.6875265221776055,-0.03833492620603455,-0.09411884377768528,-2.34252017764109
2020-11-03,0.7603320025651272,-0.6164561692309384,-0.2676052885197118,-0.17135729315987333
2020-11-04,-0.11195956520832721,1.7632230378217162,-0.38594275559626784,-0.27348305135500367
2020-11-05,0.4594941636114022,1.0004448323799917,-1.3544516153020145,0.5249428747789273
2020-11-06,-1.0827990565268573,1.0669865683678326,0.28996934184424705,-0.08066579034477882
2020-11-07,-1.383145591967726,-0.020813483607607364,0.6975769796275341,0.35241995299079815
2020-11-08,1.1251845766437378,-0.9630076754663012,0.544150958612144,0.6444178130007004
2020-11-09,-0.1000988001642838,-0.4834763121443263,-1.0241653494770133,0.3653596260473205
2020-11-10,-0.9096772509845883,-0.893356533249148,-1.647081082576108,0.16326778135934128
2020-11-11,2.091472059989802,0.0333293769524667,0.0405656100879397,0.35437961691351816
2020-11-12,-1.3710116048888519,0.29261336312484804,0.06255680154865204,-0.7038162381660963
2020-11-13,-0.6604311584121852,1.064826930510607,-1.0860481023539728,0.3357752492036309
2020-11-14,0.4019984023333408,1.9570378227948146,0.4048840076345045,0.9573603674758289
2020-11-15,-0.9164363550999093,1.4224671979987755,1.142726712239095,0.7680573932073044
2020-11-16,0.41265919725346156,-0.23819587538236692,-0.8647309048583157,0.01668369639555139
2020-11-17,2.610910212261914,0.3562327311476398,1.854828895656664,1.1416328479097357
2020-11-18,-0.9044738425138831,0.13750419814326298,0.47086691047704854,-1.0819811704421134
2020-11-19,-0.25416575232675764,-0.4367835207726905,-1.0716740411781691,0.7669134080115376
2020-11-20,0.5154064950530847,-0.43811998304208816,-0.38689775599424364,2.161688349425385
2020-11-21,0.04630167562933939,0.4914752111822041,0.8019701987688713,2.469951540731412
2020-11-22,-0.16345031078857208,1.3962663770796913,-1.3270164231124022,0.868382532047279
2020-11-23,1.64780043687454,1.9691800326655804,0.9310979115705764,-0.9455929134230501
2020-11-24,0.27024861935758354,0.9158133960290578,-0.14048290635815136,-1.88874246635915
2020-11-25,-1.7908703619910709,0.33174570273624093,-0.3715555624305391,-0.2841368571106212
2020-11-26,-0.04562412024477054,0.42781378466569214,-1.7789216379757407,-0.87672650901008
2020-11-27,0.9217014760969017,0.8827310721280766,-0.3544573192774382,-1.8126364637294707
2020-11-28,-0.1753995660307141,-0.830199405376528,0.8707843137365828,0.5266945806346023
2020-11-29,1.9759356341313434,-0.09093670673155019,0.3672863350387691,-0.4553903360069342
2020-11-30,0.8292856900132696,-1.0992452693014845,0.32571981376896225,-2.28600898616279
2020-12-01,-0.33058282548081513,-1.2816902091787432,-0.8975413444164105,0.6746745012919638
2020-12-02,0.5927138345767167,0.9393047260798192,-0.4714658497290156,0.2791023772617699
2020-12-03,-0.7170589806649988,1.461278967152763,0.35424742859583547,0.8463227494870222
2020-12-04,-0.9748293136008435,-0.2791352275643097,-0.36645880508501816,2.299797526053933
2020-12-05,-0.4289657948985276,0.7188152070487243,1.2822787891089393,0.5913055417511329
2020-12-06,0.5996069139238361,1.429361683091737,0.627299636735577,-0.13119497211789963
2020-12-07,-0.7488424596689099,-0.2558175585874399,2.451297696454325,1.3567680119476506
2020-12-08,-2.111190076170337,-0.018598846891301007,-0.9922023282344976,-0.23074587062918972
2020-12-09,-0.0020512878144400763,-1.1070829431160036,-0.30929248611671817,0.18166237083253545
2020-12-10,0.2976121827356614,-1.6319025970221126,0.9911937208926124,0.7982671956369727
2020-12-11,1.4964521950945506,-0.6933952293106111,2.219375315582819,-1.406833088949991
2020-12-12,0.7833399090609001,2.016451397923993,-0.5496322195154627,0.41618831586945604
2020-12-13,-2.0841451344745163,-1.7394137349033234,-0.561108668786709,0.05954882724591422
2020-12-14,-1.2032319519199672,-2.2833274859871713,1.1302432850916504,1.3033433324767996
2020-12-15,-0.3929388280293437,-1.2443758236824147,-1.2010301478212757,-0.1317982768943436
2020-12-16,-0.612204889419175,0.5513585203500094,1.0431513263701353,-0.7201274222502405
2020-12-17,1.9748801932206081,0.5583148388482284,-0.23834789358847855,1.4854568573330067
2020-12-18,1.604893147836458,1.3830197996694213,-0.8047056314847207,1.1215884170239425
2020-12-19,-0.8038049381377436,-1.9907820345427645,-0.7921514957559891,0.5053338612023736
2020-12-20,1.523637978217773,0.8674091377642827,-0.05004174535393675,1.2471685756495365
2020-12-21,1.192295804113618,1.034401926282692,0.5089037210266315,0.7272188742093199
2020-12-22,-2.596142852725338,0.7487035040570242,-0.701842617627725,0.5280275079483933
2020-12-23,-0.39627986852762387,-0.23393006537949235,0.3838722961564769,0.45407422323571195
2020-12-24,-1.3112986001787708,-2.417084201423703,0.052509498426885924,0.7753062298607613
2020-12-25,0.24827663880104034,-2.365634906300915,-0.6741873838634582,0.3148978756609377
2020-12-26,-0.4711903127282894,0.18588949314241113,-0.2343537604925211,0.43112733030481676
2020-12-27,1.041435081509959,0.06020115154526395,-1.21654820962606,-1.5478461597172164
2020-12-28,1.4899655257329916,1.4508376100450369,2.3535514781473523,1.3968808611798593
2020-12-29,0.02399095664856584,-1.0758623772155338,-1.1432548516017649,-0.2294127926766535
2020-12-30,-0.0161216324230132,-0.29806931007761545,1.2603192349196253,2.161241691185033
2020-12-31,-2.6010513361615795,-0.8695263257099262,0.44455937428745496,-0.39894034917514615
2021-01-01,0.9425639758647217,-0.27551055211146863,-0.3323970829954898,0.6123011041159577
2021-01-02,-0.5420475111976768,-0.3840474693211013,-0.44827045844042795,-0.17261918422111522
2021-01-03,-0.23197703872724088,-0.2193012254096935,-0.9203538547228051,-0.06288041666866206
2021-01-04,-0.8088489661008152,-1.0902746250469124,0.30160996540554935,-0.9634171735559623
2021-01-05,-0.32254400686957435,0.5105864266595057,-0.6928573362029914,0.6123830446887384
2021-01-06,-0.8231320162257566,-0.459912917845621,0.8072424694133613,-0.4654708885303128
2021-01-07,-0.27256231449859936,-0.6618311835766831,1.0348518046733335,0.7420614016225817
2021-01-08,0.14797765620483738,1.030119300958846,0.9280564097947035,-0.1265526210658546
2021-01-09,1.4819041227555407,2.0928125642575712,0.8215639062544707,-0.7653897182522564
2021-01-10,-0.5223437102141806,-0.24590487909295772,-0.7436699276930364,-0.04624545505488189
2021-01-11,-2.0597516287615654,0.4594630717316762,-0.2353234387590158,-0.8686779196279429
2021-01-12,0.7214375014159006,-1.0997882064260567,-0.035811507467288874,-0.5485155578581974
2021-01-13,-1.9316861694959386,-0.3039143404441509,-2.442440197235563,-0.07755188202023558
2021-01-14,-0.6125368186142056,1.1915219601780775,0.9667762913565876,-1.2384998869294155
2021-01-15,0.23573417761109836,-0.5000179015372578,-0.1678489044223346,1.0014837118089532
2021-01-16,-3.0099431046771854,1.12609193953537,0.3885824744470785,-0.36550228974547744
2021-01-17,-1.7773867472882992,-0.1212756829985137,-0.17078113340827802,0.730502506304305
2021-01-18,-1.0390476188665823,0.09339738075823163,0.08328308439087707,-0.21606343789162707
2021-01-19,0.365493235746093,-0.48285134570471006,-0.27767758376971224,-0.6139170780137383
2021-01-20,-2.1287176816930686,0.6335649803562751,1.0260348539591573,-0.448821903204461
2021-01-21,0.11599988992246155,-0.365253220885086,0.8678974612341737,-1.6091003870461258
2021-01-22,0.9175734385337961,-0.25664844299916045,-1.028035550710983,2.2070820449795714
2021-01-23,0.1216666929037313,0.8077837494147241,-0.7551339464811714,-0.42134374473845326
2021-01-24,1.038683188266804,-1.1293148246081084,-0.3552926855317574,-1.5316787157308611
2021-01-25,-1.4773331003057877,0.17485340895292825,-0.4241646699894002,0.3185253136965074
2021-01-26,-1.8854881559190864,-0.4384974778310163,0.5519105672721838,-0.5375059160599049
2021-01-27,1.180274368675945,0.3053296344344127,-1.3934453957532607,0.4438912503565739
2021-01-28,-0.997323813945576,-0.08133382132032949,0.3785904004261844,-2.3209071691429988
2021-01-29,0.1873403194928165,0.16076442717060405,-0.3356746492710834,-1.1762672295668308
2021-01-30,0.40167547499712053,0.6475893147029206,1.689008387680202,0.33448180508817
2021-01-31,0.5531324930408761,-0.8590714802767141,-1.0014746737584965,-0.0217419410821818
2021-02-01,1.3619785869854724,-0.3452454297199377,-0.8392358514391554,0.7858940132895307
2021-02-02,-1.4452238673939088,-0.1259304304651528,0.6220712479972377,0.4389262403485699
2021-02-03,-0.48875424209742574,0.4136149467381553,-0.10324519378210496,-0.5998265479718209
2021-02-04,0.00649895013681999,-0.17862563437886134,-1.01542808173727,0.1607072348479699
2021-02-05,-0.023276552559563943,1.0373059574542238,1.2374912214555704,1.1995900347929787
2021-02-06,1.0215756619644605,-0.19819434734558414,0.9896496948506452,-0.6964003772024345
2021-02-07,1.5030775851953346,1.7023255844198109,-0.052354447627067355,-1.5426096557045719
2021-02-08,0.3292487033418256,-1.8522242625409138,-0.399095922675088,2.4544045272846007
2021-02-09,0.5223438047206371,0.46744685896035315,0.18295087078818922,-0.7556661750819695
2021-02-10,0.4233656899461007,-0.2282772070399318,-0.1320250530972979,1.1668664089624663
2021-02-11,1.7090301755478472,-1.4111041057511078,-1.1175861884534666,0.9109657429283309
2021-02-12,-0.8450257903310969,-0.4697135712924629,-0.37510466817572635,-1.1864343446500474
2021-02-13,0.510918158924109,-0.13020251435763985,0.5183081409393677,-0.6848984470018523
2021-02-14,-0.3943256946713095,1.183502068211972,1.7667575496824002,0.2910807485154469
2021-02-15,-1.0814990305515182,-0.3206792539248122,-0.813647388260357,0.33541939132327225
2021-02-16,-1.2121142577134962,0.5875047035930605,0.18077433859525088,-0.5709428494965473
2021-02-17,0.06093397733772616,0.3909344053232737,-0.8117276117449701,0.8989383264253135
2021-02-18,-0.3621553033398805,2.4346577552289452,0.09877583815068035,0.15764765176167528
2021-02-19,-0.0014106978996778281,-0.8960260650796364,-0.7321037296661818,0.8577574250101205
2021-02-20,1.449408588727318,-1.5198619371459392,1.0648367616835273,-1.647593162897678
2021-02-21,-0.8545037812002205,1.492437642602428,-0.49832236939541014,-1.1339523756264804
2021-02-22,0.4859636091381055,-0.30560667931802,-0.6255404859035937,-0.3036808457085937
2021-02-23,0.22230672992010028,-0.0948534151401986,-1.2719791738129265,-0.7725849286689622
2021-02-24,-1.1680758171191041,1.0894836399499572,0.3473321495606877,0.35184196978363724
2021-02-25,-1.1955713622030875,-0.17955470686343913,-0.9472626990804611,-0.043917557056954916
2021-02-26,-0.10520108822455262,-0.07586020451091177,0.02391537833615508,-0.8580621587869476
2021-02-27,-1.093988848379766,-0.6827798934984141,0.9849899140003638,0.15202626790237797
2021-02-28,-0.03381804945027652,0.2914368381442154,1.3161408943047288,-1.8587945544170357
2021-03-01,-0.6009411195972301,0.86026828561402,1.0112091894771202,1.8205329662512435
2021-03-02,-0.3628389688695632,-0.3008121059090736,1.2316434960539173,-0.15958084962827035
2021-03-03,2.4611829006279837,-0.21726428237156126,-0.4858439410920135,0.29359897943657454
2021-03-04,1.3633909332007723,-0.5937524230334831,-0.7962758268392298,0.5488350817740524
2021-03-05,-0.0993175959072821,-1.700287888561879,-1.5684809608206018,-0.8231269988619098
2021-03-06,0.9480140141053282,0.9144662872233642,-0.7303275525578933,-0.3025163293011629
2021-03-07,0.6007021648154296,-0.5467157690860701,-0.5713894332764419,0.548870651794937
2021-03-08,0.6759545324661509,-1.3523808145092342,0.900660798814819,0.5218230935186393
2021-03-09,0.714757786484408,0.843343428233305,-1.2681864545835693,0.6296198977872873
2021-03-10,-0.7578761530913495,1.3115981249578264,1.0238592973229346,-0.42647462042775375
2021-03-11,1.066995066461943,1.6646011973888895,1.0373222874689956,0.5687633764275062
2021-03-12,-0.7116695898179473,2.3759669595424686,0.4588569282574655,-0.5838207236729934
2021-03-13,2.67783866010392,0.564034521864298,-0.846992468689902,-0.0034797800441872754
2021-03-14,-0.02150032890257416,1.4427321079900306,1.2551780954060816,-0.0823661277513551
2021-03-15,1.0850173359936126,0.42752379632037507,-0.3087982171565161,-1.094176592417454
2021-03-16,-0.014425594264766835,1.5352639530810042,0.7967920428217354,0.46761355340557004
2021-03-17,-0.8549665720444459,-1.3519682772059105,0.4888537219613922,-0.6484365330906458
2021-03-18,0.7002156830802101,-0.41545959239291735,-1.1439166161803396,-0.5904796483965089
2021-03-19,0.43562327516545785,0.16679404066100392,0.18896484884150966,0.06735954556978951
2021-03-20,-0.1800087259458274,-0.675131929725752,0.7369103146464129,0.6620440707808101
2021-03-21,-0.983236953242348,0.4954336776140451,1.076302535321837,-0.7933215287785992
2021-03-22,-0.7141999292926008,-0.06402133265296182,-3.330202326495157,0.4274368067960374
2021-03-23,0.07715232898484861,0.6011373060544772,0.055350238760303885,1.4154645627442355
2021-03-24,0.6682363579243972,-2.0348042793499546,-0.9403704356537108,0.7048791982204455
2021-03-25,-0.06315886041103581,0.3218553284969339,0.40973817184728367,0.6409824555391546
2021-03-26,-0.9447777809961793,-0.36292354676189503,1.2275603262857269,-0.9344185680358233
2021-03-27,-0.39278613427042136,-1.408490989440974,0.7844445042945699,-0.25488247922011353
2021-03-28,-2.342345813716859,-0.3687895369062332,0.32363452294323247,1.4433840178047512
2021-03-29,-2.493185383405213,-0.3972874800127912,-0.18107641174390957,-0.14059248828820523
2021-03-30,-1.2280873078710137,0.19355776020386536,-0.6181464950292197,0.5458354364811117
2021-03-31,-0.5779647759214706,-1.3370887561574358,1.3037997139523971,1.7656791966973242
2021-04-01,-0.7576073398738827,0.7661018317067821,-2.1415015707222014,-0.8161831066827011
2021-04-02,-0.5763226090279171,-1.8129489130186804,-0.8062237789590353,-1.2540166223371096
2021-04-03,0.8692168495782995,0.555726440357166,-1.0732665925198044,-0.6832465526580545
2021-04-04,0.6742476758109984,0.4371981708323451,0.4238627623040859,1.4590543151063196
2021-04-05,0.8586194758605605,1.9485132274129418,0.617192919203445,0.9112248800675041
2021-04-06,0.04374525697285621,-0.20105562069999042,0.6475976346292708,-0.9520547040383263
2021-04-07,-0.37238958080519907,-0.8263854158026678,-0.2643559236395046,1.0535505114136579
2021-04-08,-0.7645677612595307,-1.588077943370112,0.5764299036562146,0.21295972426801654
2021-04-09,-1.5868030494826162,-0.12364352556456568,-1.0111952718129247,0.06780992957803698
2021-04-10,-1.0230339143123566,1.8589330331112623,1.2432255186868635,-1.8270493328802242
2021-04-11,-0.795871641150466,-0.411649294569734,-0.9050336380869302,-0.8383989101898985
2021-04-12,-1.4667803601698244,-1.7129408022910588,-1.3306532981200274,-0.2440984744443193
2021-04-13,1.873600817543575,-0.630133505645942,0.20124401019587465,-1.6936736639478147
2021-04-14,0.7790191061163146,-0.5386589015212309,-0.167550115019026,0.33987816388052966
2021-04-15,-0.3937263943475464,-0.5721516347673159,0.20418614654009246,0.7339028509050447
2021-04-16,0.49147123499715595,-1.5830614883192042,-0.5360065654119727,0.29170780206306257
2021-04-17,-0.09111642458640826,0.2772433704782933,-0.16267032467676368,0.5731940781511357
2021-04-18,-0.09074733741004537,-0.4930031649676339,0.6645452641903787,0.8168291394054167
2021-04-19,1.4983520023174959,0.8387357598108236,-0.8560620615973549,0.40543433930042755
2021-04-20,0.8746860452335979,0.8976990072189662,-1.6375987562616938,-1.332303292693794
2021-04-21,-0.7499839488260672,-0.4354797708908222,-0.11903004605138479,1.062664386881981
2021-04-22,-0.22008900612462554,1.4347898550818499,1.3641894923270357,-0.09166728980374789
2021-04-23,-0.3569294630015957,-1.1234730663601893,1.0005613600993217,1.92559376557123
2021-04-24,-0.19221297067163678,-0.09950620917729147,-1.606691052224,-1.9676249072063337
2021-04-25,0.23744397549713697,-0.04652864955728807,0.29729295075625123,-0.28836061267111035
2021-04-26,-0.23540464633770117,0.522400337838482,1.5462422275982042,0.08662244349807331
2021-04-27,-0.5283047883968723,-0.6678773453851987,1.313746925436039,1.360558315292203
2021-04-28,-0.9420007664476631,0.6623101483881041,0.43782157673277133,-0.42270453839695715
2021-04-29,-0.474455478082363,-0.4579446466291427,-0.48707790727960415,0.216080847759123
2021-04-30,-0.5276920582398381,0.8022370435837352,0.24259849341243472,-0.32621576672655767
2021-05-01,-0.4546991054061247,-0.19617176898312122,0.07167160828541054,-0.54241134994018
2021-05-02,-0.3413996632197784,-1.528799744361099,-0.8401813661374854,0.8289764534785902
2021-05-03,1.0064692738798837,0.21878408148967593,1.6193095224819012,1.1065502280814623
2021-05-04,1.3767017087901625,-0.8005525145067497,-0.9819891721899002,2.716417787260987
2021-05-05,1.8198601470466993,0.029532159996624733,1.625255989708315,-1.4454680452240938
2021-05-06,-0.27729331884065256,-0.2915471524221609,-0.39076775202856284,0.912952019222999
2021-05-07,-0.8455551384046105,-1.1615159422368786,0.32506389534559743,2.597565858822862
2021-05-08,0.7788601363758445,-0.17029233984401368,-2.2369747116059595,0.46617619560179274
2021-05-09,-1.1586728755973794,-1.4646089370992772,1.0520142284622118,-1.0612681732463594
2021-05-10,0.47349166824301087,-0.9608817219112674,-1.5265139849520366,-0.94464791925949
2021-05-11,0.9435505257537513,0.1496206397395484,1.2251181463596483,-1.2929797117971924
2021-05-12,-0.25460720645123647,0.00788634682589386,-1.2775965097662274,-0.25435872153607064
2021-05-13,-0.7712204773948848,-0.027567279611571013,0.7315282946357484,-0.38475721885355724
2021-05-14,0.2909049341557797,-1.3140051815611877,0.6914194390867173,-0.28508334551713876
2021-05-15,-1.1263619623009864,-0.4596042613024725,-0.24403789252619135,0.3712316034036943
2021-05-16,-1.8308559835810794,-0.4342307970761845,1.3661753415062152,-0.41950615011289943
2021-05-17,1.738482367938696,-1.1436335971506286,-0.921874364338643,0.9884579165610092
2021-05-18,-0.5765219310021839,0.8512016131542014,1.9080656118463672,0.49110418292071595
2021-05-19,1.4981190183675017,-0.4501241608130289,1.273207090424,-0.15372063859677423
2021-05-20,-0.14280094245047517,0.5587372171401478,0.17562411439491338,-0.008180144235291417
2021-05-21,0.9530515120025768,1.6863544388500467,1.5855200679355705,1.2284335468387182
2021-05-22,0.36627313659735056,1.4240174910249717,-1.1688632709749385,0.49077144785935994
2021-05-23,-0.5591715576952562,0.09780414493235257,-2.1653118581230144,-0.27108996424964155
2021-05-24,1.338043978855527,-3.358745357269178,-0.719701685561601,-0.7077386403445468
2021-05-25,0.7478532689515379,0.8213933665257521,-1.4035745323123,-0.9584081325357442
2021-05-26,-1.7800436995878939,1.4256167169446998,-0.8110393907803864,-1.5205821818595493
2021-05-27,0.1973327778701207,1.8965208596966605,0.37706190451432675,-1.1057112979369228
2021-05-28,-0.9019949854950471,-0.8540910225517183,0.788599486157603,0.4435140373804051
2021-05-29,0.15488996181823264,0.4387345485831494,-0.8711874722702189,1.4845278704477727
2021-05-30,-0.3670906583177697,-0.9848464528511748,-0.08755931669226881,-1.0644782031766222
2021-05-31,0.4109551050341289,0.7854162449310909,0.34036562579311275,0.21876890310621466
2021-06-01,-0.37179421798629364,2.0343832124879975,-0.656771177455204,-0.04475132563485701
2021-06-02,-3.0092436355779544,-0.2048825878921717,-0.06361306465023844,-0.895653633826451
2021-06-03,-0.5223564691800312,-0.6358621245631478,0.4505550547215224,0.528794893942039
2021-06-04,2.0012861804707205,-0.648922308695349,-1.0290309337334955,0.3720961458653248
2021-06-05,-1.1800798083951027,0.2047017409395099,-1.325396347613426,-0.32912493968584117
2021-06-06,-0.8456317547411039,-0.75200297696556,0.9129508949032094,-0.6093695739119267
2021-06-07,-1.097211819006033,-1.1763092910345678,-1.168635254078743,-0.27388610301043176
2021-06-08,-1.0745921245373256,-1.506849647203889,1.0841455751066238,-0.7948436016183846
2021-06-09,-2.569292252915211,-0.3462940604100406,-0.666201689587755,-1.3002777688290041
2021-06-10,0.8505416255926106,-0.385296811463545,-1.7954817552496691,0.38162047824908946
2021-06-11,-0.7325608237544573,-0.40035342271457064,-0.3047861307780925,-0.9105840622894512
2021-06-12,0.321828984668543,-0.7000599910836061,0.7574153889467542,0.7377046559474101
2021-06-13,-0.5682252924814996,1.0578831335057606,-0.3388146066838921,-2.288726977040153
2021-06-14,-0.45094384700695567,-1.1443701235452455,0.5405670475112643,1.1152078094473743
2021-06-15,-0.048062495524051355,1.5702799124607874,-0.9972300775077879,-0.9900140862071652
2021-06-16,-0.5272448201736304,-0.4191399221769704,0.6591615777205682,-0.03175561941144864
2021-06-17,-1.5871986170685781,0.5949073575273057,0.1663749511600001,-2.4985181171998456
2021-06-18,-0.05857347967030641,0.1078364674914048,0.3058573927077418,0.809392356815554
2021-06-19,0.41864961911771775,0.8569351576356928,-1.3840571829362067,-0.11204516230856168
2021-06-20,-1.7676733515800378,1.345755502297338,0.3943602571424752,0.6989007641699813
2021-06-21,0.020090795692381334,-0.40491577879420493,0.6022593696664496,-1.6777387445777865
2021-06-22,-0.10220870884858471,1.8135640775818178,-0.8947054295567106,-0.948278279903795
2021-06-23,-0.6544911132707174,0.14080047138806118,-0.921374493908253,-0.42729573507792146
2021-06-24,-0.6977826500632512,-0.533575824308782,1.410529860754709,-2.908078623820044
2021-06-25,-1.1809735106129806,-1.0780946911251517,0.3248135423886451,1.9348499902711502
2021-06-26,-1.4969022420463207,-1.06794371846879,1.1078496024703983,0.3011714220785177
2021-06-27,-1.3188279387413497,-0.3184638167593401,-1.6275442816583243,-0.965775996662401
2021-06-28,-1.0357817431546896,-0.605298255576149,0.6951230222265661,-1.562992273238422
2021-06-29,1.0311299840838395,0.11191692816798197,0.19706406843515878,-1.084491654992396
2021-06-30,-0.5027985280366638,0.7889200575562658,-0.26425263897153517,-1.271210923281414
2021-07-01,-1.0476009756730014,-0.7570728335168391,-0.7322241226914463,1.1499156826073051
2021-07-02,-0.5936326842720564,0.08282395256744585,0.1214903540940237,-0.675542818898857
2021-07-03,-0.07639647401835421,0.5078302893611955,0.991188849575154,-1.8836422499983527
2021-07-04,-1.010284853445817,-0.6561464642927887,-0.7672432523655334,-0.6681193810712528
2021-07-05,1.8480086518131058,0.291669878131589,0.12184752024084927,0.20615809657047574
2021-07-06,0.7169749502792587,-1.6744543040217992,0.7677656472417281,2.906931670686836
2021-07-07,0.6988503745675381,0.7868979705976404,-1.084127790443856,-0.4646871402723088
2021-07-08,0.24455648705361774,-0.6736581298089146,0.1366943557517188,-0.23759777193174966
2021-07-09,-0.0794144877029593,0.27150920519025074,0.5453471448146667,0.19151137893263526
2021-07-10,-1.2885308846786652,-0.33732129655103377,-2.203059278443921,-0.36109573857096816
2021-07-11,1.061207892145139,-1.939147532047941,0.3272311584265168,-1.9597052960790262
2021-07-12,0.19413871962688303,0.14292655090609951,-0.3339330703301324,-0.04929781638667965
2021-07-13,0.22287120358667992,-0.15866651683988295,-1.3702055762988845,-0.9849063080413634
2021-07-14,-1.009026640247748,0.3054919783304504,1.903933620674322,0.8248787833884041
2021-07-15,-2.059210051179341,0.2579305518742306,0.43319672248004476,0.9467728977908587
2021-07-16,1.8580748630296784,-0.20205584223343812,-0.1004552977250691,0.5545853719967802
2021-07-17,-0.9066283509135612,-0.04366629911798045,1.031154145520744,-1.1232198344138213
2021-07-18,-0.07986662028803207,-1.0569546116723687,0.18051496747092796,-0.36907287579264614
2021-07-19,-1.2896672055177059,-1.4477078307680653,-1.2941511427194143,0.32299349432912555
2021-07-20,-2.6655708726490666,0.8559130366995295,-1.978360782222769,0.022634557369854258
2021-07-21,0.31443805604097974,0.10916720451834595,-0.31242168511003987,-0.6532918222948833
2021-07-22,1.4496343299741725,1.2011179171185735,-1.771684959240832,-0.7755470693763841
2021-07-23,-0.6882063632883823,-0.0689211882103007,-0.4059502166540566,-1.0831824158398278
2021-07-24,-1.0151003607819977,-1.6001332574175893,-1.1205724672389024,-0.520555291402287
2021-07-25,1.2949066708022492,0.69373082750881,0.7363729813415507,0.041231610898342784
2021-07-26,-0.6022913648494986,1.3445747913600998,0.6542916916021402,-1.5714953231763185
2021-07-27,1.8540211923859815,0.18799174594191673,0.46898271180995,-0.41072930197778545
2021-07-28,0.20352690388687913,0.18347860996684692,-0.5271725307216817,0.6130167055575058
2021-07-29,-0.3517341717338961,-0.6618819361139693,-0.09428260074680068,0.012241034578826212
2021-07-30,1.6793335288598847,1.5526374325371806,-0.26728499431841035,0.15088513078592206
2021-07-31,2.0944396070570948,-1.8345968667448074,1.1217150194981387,0.6066153005763883
2021-08-01,-0.06339489745133968,0.23364313287816588,0.5472960286567503,-0.8620105468555971
2021-08-02,-1.272274746473762,-0.5578524082219173,-0.37083698019496086,1.6713563618406542
2021-08-03,1.0565091338503327,0.9790988571269197,-0.10584302371825156,-1.0196944144593711
2021-08-04,-0.2105350338410444,2.3063434794582074,-1.2428509094178735,1.540426328251772
2021-08-05,-1.3914677552304289,-1.5047917870767415,-1.3954853446349318,-0.2732653727908887
2021-08-06,0.5998671286678908,-0.9630146009277791,-0.6555327308575637,0.32920654424476603
2021-08-07,0.23378048934078394,-0.5228746403710098,-1.6242380166119565,0.3509494742899565
2021-08-08,-1.1670967915673176,1.4746767174992002,-0.4555961218403393,-0.8089574851895892
2021-08-09,1.0702932174903277,-1.214138818577749,-0.2127346750528519,0.4699741503942597
2021-08-10,0.024804402555133637,0.9528344887182559,0.8164647010375419,-1.612134183744741
2021-08-11,-2.0633013595214114,1.8720827926613135,0.8838855863418883,-0.20373538225207566
2021-08-12,-0.23489115113787895,-0.6310145735002636,-0.13236909915797773,-0.6203325480048542
2021-08-13,0.41043594425284163,-1.5784072995157588,-0.1161026550777213,1.94548603552262
2021-08-14,-1.1027446653144257,0.16443438389905465,-0.39843107128913136,-0.8902785662529425
2021-08-15,-1.2958257624364802,1.3296864065976606,-1.6329159673504932,1.8951742699897183
2021-08-16,-0.6453423827961756,0.5101004506667945,-0.34291473310810844,-1.0782288356905363
2021-08-17,-0.5713804927433755,-0.8239828889264521,-0.4627107594782981,-0.36798282014870154
2021-08-18,1.2963776051739164,0.7710900313032598,-1.0044795676352782,1.2304684303834674
2021-08-19,-1.8040053890355916,-1.629402443713925,0.15400701232505706,-0.12824340594412537
2021-08-20,-1.0955327578431633,0.42791257003532635,-0.11030726284126048,-0.7069379563596383
2021-08-21,-0.4035509447308163,1.2162699462070368,2.9574054402092673,0.9290926626953568
2021-08-22,-0.5978212136954705,0.3260757557328434,1.0764185738304928,-0.6285759400251202
2021-08-23,-0.20557926032719548,-1.0170060592231356,-0.30985475136067864,1.4082738258401744
2021-08-24,0.23670857301806136,1.033068363308482,-0.8482512831107646,-0.8088947497802583
2021-08-25,-0.16645782489822708,0.8530173896027045,-0.1418730859167348,-0.9238494266567061
2021-08-26,0.582845055485657,-0.3964510178227874,0.2871944246425029,0.50159392873554
2021-08-27,0.3616043254696246,0.20673394453307245,-1.0899460986600078,0.013872103515867233
2021-08-28,-1.7414578828131626,0.4852080158495324,0.22034549503463424,-1.322898412933357
2021-08-29,0.021298462574310357,1.7633728470715604,-1.9560372543822275,-0.1562251210494386
2021-08-30,1.4048003274836816,-3.244216968262139,-2.326588084505216,-1.3838960118207506
2021-08-31,-0.2578439920148722,0.526506420098994,0.24623069154652982,-0.06671063673991691
2021-09-01,-0.9401858724371791,-1.3263113893157874,-1.0388244233430253,-1.4154884615635637
2021-09-02,0.02187020440268129,1.3795276564712724,-2.3102326120891776,0.07387323419714521
2021-09-03,-0.03824123677463769,1.9584730898388985,1.2463310130058924,-0.586818233290422
2021-09-04,-0.3717525573424754,-0.014016904704866355,-0.46013354776522036,-1.2285805924063529
2021-09-05,-0.9824541496135036,0.4624338818657655,0.05215366526753987,0.14973534545747516
2021-09-06,0.25749172741155846,-0.2258510443755939,-0.03716166641395056,1.6006899341360723
2021-09-07,-0.07319918407850082,-0.10388001240584152,-0.7450350042674557,-0.9689410323119633
2021-09-08,0.05762545271740956,-2.3573406389196467,1.0364503243040462,-2.022433006357126
2021-09-09,-0.051796524070617654,0.2388919587771422,0.8672871642566025,-1.082195227211298
2021-09-10,1.1407836118381034,2.16913252291351,-0.6747400318231696,0.10958261092541073
2021-09-11,-1.257374949612362,0.4769595335701931,-0.20974258358675585,0.31145866998782346
2021-09-12,-0.0018455722735658733,-0.8656516460133963,-0.6870718274232285,-0.08203648583131022
2021-09-13,1.85426778183438,1.1271804668535907,0.6182049286085091,0.4137853691384763
2021-09-14,0.3407531118940572,1.517027423917412,-0.6838608662727728,-0.11378791235160236
2021-09-15,-0.20749922320064418,-0.5843312593783763,-0.7292367148953821,1.1138129348878794
2021-09-16,0.09010436863166296,2.2210010247905907,0.5499392868033518,0.5036434025376336
2021-09-17,-1.893829926548026,-0.3417832751876327,0.6741198259863486,0.5604139554314417
2021-09-18,0.47435534546560304,-0.32514545540275613,1.0976349231584028,1.16220998575617
2021-09-19,2.179206335457455,0.25978634529374944,1.3420386124254917,0.23291463448884756
2021-09-20,0.612241122000297,0.9523193430864358,-2.128814851345603,-1.4842748560387364
2021-09-21,0.952377959934586,-1.5154159300790804,-0.6356742937676234,-0.22354859404064642
2021-09-22,0.7589816395901737,1.265725809318686,1.909295639764928,-1.2554839580048756
2021-09-23,-1.4852504581996397,0.23517497713855248,1.106404006695702,0.550794634152182
2021-09-24,-0.20971105379116442,0.40079326329644394,0.16305879757599076,-0.46587599038407357
2021-09-25,-0.009415189942452567,0.832312468300126,-1.6110259452230338,-1.1491413088426035
2021-09-26,-1.845153433800064,-0.8763257041434377,-0.29724155865315666,0.013559011213768875
2021-09-27,1.8998672007519457,1.1716081502013838,1.1169300553492019,1.1363850476699047
2021-09-28,0.7740497744479331,-0.24523608759618568,0.810010552849935,-0.968429716727668
2021-09-29,-0.16470785436560656,0.46973404210206243,0.2495552304040918,-0.5854116595693388
2021-09-30,-0.7483497860046124,0.2603753773131298,2.015410879295012,-1.4032722226397019
2021-10-01,0.5744005272620563,-0.8784621246460146,1.2932467558159313,-0.8627345673393175
2021-10-02,0.4356499021056708,1.017759842879703,-0.08073892892983753,0.8933686471657417
2021-10-03,0.9565517385924024,0.1319908435943587,0.6308226051658389,-0.09197127697282863
2021-10-04,0.9717406676080774,1.1479690884226068,-0.4918225114434508,-0.13226136442164776
2021-10-05,2.038794437249244,0.7665312291296844,0.6364949964346164,-0.5046745611223874
2021-10-06,-1.08444770068674,1.2676563517157722,0.4682429966862776,1.6274088491137442
2021-10-07,0.8264198653501755,1.010760610571366,0.779048265386008,-1.0762729352219256
2021-10-08,-2.444418870107763,-0.06438509788110187,-1.1355914999017014,0.07011171747767277
2021-10-09,4.04140301997668,1.1824759849468383,0.688370951239563,1.6120820400120917
2021-10-10,-0.2112161114285497,-0.3918973544354171,0.08025040021973501,-1.1990754239584644
2021-10-11,0.5702443572607075,-0.10786388646003497,-0.03153544695057826,-0.7290997799191183
2021-10-12,-0.687413994510713,0.4535118808547913,0.454452222842416,1.7436946484979403
2021-10-13,0.6709767614629216,-2.170623309360585,1.0484483230971953,0.22134188728846751
2021-10-14,-0.6031363345402017,0.0818597292980794,-1.1022337058611398,0.24824725045776935
2021-10-15,0.20645027209652875,-0.6599289581115888,0.49414992462990054,0.5601905600449428
2021-10-16,-0.2255752005485321,0.8334085971247471,-1.295584003745837,0.6600885243630972
2021-10-17,-0.9698613250752349,-0.6057424708260813,-1.4093018180829229,0.5251235624151268
2021-10-18,0.0438635508604436,-0.15016116444711242,-0.46181724135275043,0.5944587991802519
2021-10-19,2.558745709540266,0.9791855404357392,1.0906460452506812,0.5449822724534801
2021-10-20,-0.14169777776931006,0.4812534896269919,-0.06364497234433777,-1.8345873409369247
2021-10-21,0.13964122622561065,0.5719047746325605,-0.04255315079227283,0.4981416883464577
2021-10-22,1.0713023745630645,0.6873590113083798,2.1333919466647524,-0.46370659815582477
2021-10-23,0.33653442319701665,0.5015626377165253,0.3276356902306734,2.857326560840353
2021-10-24,-2.5383009301164754,-1.7521928361999735,-0.053656093155813996,-1.2102063108669734
2021-10-25,0.2430390312566849,-0.2986253594300824,-0.036035300712158505,-1.0214656285648773
2021-10-26,0.1297282512723301,-0.7751133879879202,0.6738230628006493,-0.1380803520331436
2021-10-27,1.5659126271133315,0.8697076701098211,-0.630095124905163,0.34164285973879954
2021-10-28,-0.045030237978482955,-1.7126566961373928,0.3891446487711751,0.07153775839808729
2021-10-29,1.0209981671747586,-0.14510972254425328,-0.9726640728206319,-1.6233520127199064
2021-10-30,1.4269824143792933,0.8999109365435609,0.5305098303108331,-0.2760975310993174
2021-10-31,-0.8776656073720988,0.38271677002276566,1.4292174669819544,-1.2500811628139066
2021-11-01,1.9045990681689169,-2.611636995889897,-1.3759954944295225,-0.06976823014961472
2021-11-02,-0.32009666070391823,-0.9181893848011867,0.30744723711291766,1.0846055293678654
2021-11-03,0.905046188721446,-0.7291023084002322,-0.17068090033621594,-1.2734333719956936
2021-11-04,-0.5974494483025857,-0.9195422536302528,1.8819346345486838,-0.046847107256590866
2021-11-05,0.056043771067649954,0.2634575131818935,0.2036443113336413,-1.2094884326183553
2021-11-06,0.2565867013474743,-2.202727464093766,-0.10962632901008872,-0.045897703371859236
2021-11-07,0.24771955509596635,-0.02283887389797995,0.30166290600656015,-1.3369586389686998
2021-11-08,-0.8091820258819098,1.6068774166498692,-1.2673762900625336,0.09537107285587965
2021-11-09,0.30426830197024546,-0.8757105322666128,-0.5038464223189619,1.2940188835964213
2021-11-10,0.3526707677550449,-1.146279940823453,0.7126430288980072,-0.6896306837648842
2021-11-11,-0.7496554708303004,-1.097226031872288,0.797399003954193,-1.3640460719677807
2021-11-12,-0.5590877924665193,1.1132548459400218,-2.225429717830506,-0.4738239578086235
2021-11-13,-0.94164042446232,0.9080328263251461,-0.1821934438106045,-1.9397158598304214
2021-11-14,0.4952508146668796,0.15750372841582796,-0.3704293035471,-1.001906374680789
2021-11-15,-0.450684897066844,-1.2866990458156593,-0.27871668774647596,-1.4729824516764654
2021-11-16,1.1900090802242909,-1.4128361964082,-0.6026488521604767,0.8652603526519241
2021-11-17,-0.23046070795141227,0.7700173482146689,0.6240731254668597,0.9523452791702983
2021-11-18,1.0606302362101903,0.9754401399798432,0.8268009704489356,-0.34826442305419886
2021-11-19,0.7423010927939784,1.1645439486491702,-0.7053524653362432,0.3643863541765189
2021-11-20,1.868936740685232,2.7166412942280957,0.22201646939934563,0.6541185830442808
2021-11-21,1.194437656181845,-0.4734829210006228,-1.010166684876676,1.6705997700389699
2021-11-22,-1.2695363859749378,2.562363718209728,0.8180553693307007,0.20651007397030194
2021-11-23,0.8359069403700684,1.502012082404417,-0.7987465468564781,-1.6620419457548328
2021-11-24,-0.3357025121098684,-1.370111536521614,-0.1544820073289876,-2.3402607332833534
2021-11-25,0.6291228603176355,0.662379870511866,0.4719081214864151,-1.1375430548327996
2021-11-26,0.4895026768016036,-1.0390951069291348,0.19835445204698382,-0.12564009239764717
2021-11-27,0.03213199049942423,-0.23565231185115285,-0.43002331710369013,-0.2712028023785716
2021-11-28,1.0676065689359806,0.5052189754777362,-0.1392669581871611,0.3762287513099152
2021-11-29,-0.7336129129887875,-0.3420229570302409,-0.9233711741893186,-2.043613420289317
2021-11-30,-0.5330352826922585,-0.20524490176232354,0.5691742746425872,0.30158930377368626
2021-12-01,0.9840661498537748,1.9536766429443044,0.6216120573114523,0.32291023361788795
2021-12-02,-0.11550773365899109,0.7257813147574929,1.5224648003305372,-0.604597422761829
2021-12-03,0.41651034535907,1.5527423216167984,-0.4973155678464152,0.18718648111004615
2021-12-04,-1.388485979247037,-1.4357051553024307,-1.6231939541561697,0.24195696689551882
2021-12-05,-0.6803973327816811,-1.2656206597058905,0.4525145649689266,0.368059841809407
2021-12-06,0.5132512026413721,-0.663880978226516,-1.03720483571827,0.1612194729833419
2021-12-07,-1.1842773139979492,-3.1678342663237693,-0.6426015321707705,0.17478838527547055
2021-12-08,-0.6265889916660389,-0.3774464076825539,-2.242810939366562,-0.6134073627885844
2021-12-09,1.4736374479125736,0.9957341477956944,-0.5090258122190034,0.9195096611558089
2021-12-10,0.575201055807468,0.7707213541087591,-0.6929211682668678,0.1402853392826975
2021-12-11,-0.6193687801047785,0.6068895211073797,0.8545173995884983,-0.7398357055812831
2021-12-12,-2.72935280260597,1.20454063276818,-0.1322743012775791,-0.29050319145102665
2021-12-13,1.4722044317855076,0.9905297661949747,-0.06701701917749871,-0.18009771080865303
2021-12-14,1.503304333156605,0.5552519936544281,0.6639692103022281,0.31526190439735485
2021-12-15,0.40352382792579194,-2.389055792299934,1.0992916567528106,-0.7861016347085548
2021-12-16,0.5632924516723271,0.30208941216324114,-0.8872792886843865,0.020902615481031516
2021-12-17,-0.38049619288555075,-0.5059250125456891,1.0254974674110473,0.32430123827716595
2021-12-18,0.6011617722148185,0.9413806858849618,-0.3277359826582894,0.11511347514082765
2021-12-19,0.12888574756606563,0.25008013088398673,-0.19239388683755723,-2.0075081114967324
2021-12-20,0.35196070847774136,-0.10332512772313159,-1.0329233529671003,0.6087750803154046
2021-12-21,-0.5775191866199676,0.6985493116851625,-0.15581565538622297,0.15514190253074867
2021-12-22,-1.3349665177182815,0.3395496066933415,-0.7557244073629888,-0.14278647372947154
2021-12-23,-0.12079270640715019,-1.8338510848512841,0.7575005826223965,0.31527029964311964
2021-12-24,-0.8664941498896295,-1.1559053567269437,0.26449051673380203,0.44663880145772095
2021-12-25,0.4184364738804577,0.34543062265643926,-0.5609960716710414,-0.7248318150822232
2021-12-26,-1.2101097157426437,-0.2691959491810276,1.3326318621923228,-0.8350406103915441
2021-12-27,1.4538680143336151,-0.037055202033723394,0.047455771172730477,-0.5819791974928807
2021-12-28,0.7217863580096989,-1.2842830968400285,-0.34533531272903667,-1.3157085718029196
2021-12-29,-1.9365483205686431,0.45246191244500733,0.23661065846337098,-0.6688107803164074
2021-12-30,-0.5796287418191375,-1.2679876172963052,1.0469155506505012,0.15801312699097975
2021-12-31,-1.3710318904513572,0.5392771840660104,0.9500094925895778,-1.3680940685185663
2022-01-01,-0.48487574392457033,-0.2655620240128879,-0.6582142023920072,0.436236260728545
2022-01-02,-0.6934467971529468,2.3406338895114387,0.8271343836115247,-0.44432904064770157
2022-01-03,-0.08464950673123818,0.33652037787920763,1.0353765090734115,0.1691259896687191
2022-01-04,-1.2638207205063259,0.5352163972572367,-1.060976038271744,-0.5966953044029996
2022-01-05,-0.4480789579244144,1.4999569118591778,0.5876303552741381,1.2088411974193496
2022-01-06,0.768707401111548,1.0325329311414249,0.6189801633683093,-0.5826687108834055
2022-01-07,-1.8576972347869922,0.22450663511252847,-0.007835100829287291,0.8447928271366351
2022-01-08,1.0556205513226267,-0.6408260683492368,-1.8249220334390315,-0.027058428826627724
2022-01-09,0.7183858984372481,-0.33746587199903044,-0.4426267119124471,-1.3144303385358531
2022-01-10,0.7208323689279807,-2.451231580305527,1.878501611000804,0.15759371520341037
2022-01-11,-0.3082160264064949,-2.632089581385207,0.04298187195986284,1.5785497929540326
2022-01-12,-1.2524622081036405,1.5050642651364439,0.3919424525523324,0.4735272665193808
2022-01-13,0.13141800951623347,2.070903288275833,-0.8136188768493242,0.47871497491114373
2022-01-14,-0.3949290664770461,0.813230927507213,0.3725047150881976,2.96389428674485
2022-01-15,-0.28741980185520166,-0.42571569703968465,-1.1640694775122675,0.3993752525301062
2022-01-16,-0.6163097520916486,1.1672790500975763,-0.7474582924264083,-1.5231302149750057
2022-01-17,0.4374350263515316,0.29878575766787074,1.9098189384422104,-0.9262639658215351
2022-01-18,-0.19724902155954216,0.8344710045279974,-1.2804466145803128,1.8786651312305656
2022-01-19,0.14963884671080063,-1.2325552414632999,1.6161829369034648,1.0895827504567943
2022-01-20,-0.7031053984709927,0.20123630298488338,0.7265538007765235,-0.3708631673169618
2022-01-21,2.6384580227906236,1.3441938323324778,-0.13696172351326555,-0.18465446138460015
2022-01-22,1.976805565499078,0.04625663550360775,-0.735453173835521,-0.5275134192413795
2022-01-23,-1.3508225432194476,0.4920806128551963,-0.9700996457971556,-0.955322689540977
2022-01-24,-0.449757872318068,0.2648318798306983,0.2490181880436052,-1.7362405344333451
2022-01-25,0.85860091681749,-0.3255742306575344,0.4081707593275641,-0.2856888690738857
2022-01-26,-1.0604711977269712,0.2396641062636425,0.7266375418384292,-0.33597013639116713
2022-01-27,-0.18725916628072437,-0.4606807131646238,-0.6361883741171059,0.8965687363534656
2022-01-28,-0.3121382448167474,-0.8278964004436303,-0.1041860275644107,-0.6415088031697054
2022-01-29,0.39329183760995007,0.462567241386966,-0.2289245824663026,0.504066331849517
2022-01-30,0.8762043695344078,-0.9180254461504352,1.2632005650834615,0.621211358290118
2022-01-31,0.9981221781774489,-1.0443597434137541,-0.20399009037699328,-0.3588621671776467
2022-02-01,-0.8535890574328373,0.8399006309400842,-3.213664099029289,-0.48783173772999644
2022-02-02,0.2625056625805172,0.9932985487188705,-0.7106971449323433,0.7083217034927024
2022-02-03,-1.3532751155073135,-0.4822307508191805,1.3443687696340019,0.8899226964233299
2022-02-04,-0.26455874833642434,0.5090379619966489,-1.3749802429461853,-0.15735252949505157
2022-02-05,-1.2971376428452766,0.42168365748073233,-1.1864640319650839,-1.558886511143768
2022-02-06,-1.1277945850284974,-0.562666179547054,-1.8737979395518265,0.5446352264005236
2022-02-07,-0.8355199576330272,-1.940970446650441,-0.9179668467943335,1.1121930785416794
2022-02-08,0.6699622863815575,0.9399159616784603,-1.135997017575952,-0.7807710609282541
2022-02-09,-0.07915921448427071,-0.9403659915407325,0.46690955265673195,1.406683070831393
2022-02-10,-1.1118194246874358,-1.2028556981460234,-2.0103515757775026,1.2420267100273619
2022-02-11,0.4949319608641604,-0.9452764095292041,0.4571506248332109,2.33332938601325
2022-02-12,-0.026968958550831323,-0.27640647780808214,-1.4236064967261717,-0.7264015457543359
2022-02-13,1.1717572199191921,0.44608897329505515,-1.283340377401666,-1.2371460050410623
2022-02-14,-1.0273196942710974,-1.7364649682072983,-1.9524297285572114,0.257297764027074
2022-02-15,0.20800777315300245,-1.4180597377692847,-0.27348989276779584,-1.9749046547484645
2022-02-16,0.40526640487612203,-0.10394880332494243,1.9757623407770382,-0.26005304809794133
2022-02-17,-1.6712786486415905,-0.06880015964324733,-0.34846550191740955,0.5529303983875349
2022-02-18,0.5205413573292657,0.371338738892797,1.049313974778126,2.7161213579667747
2022-02-19,1.0617024272532734,-0.6098649154203226,-0.23407965265430428,0.055132270407134074
2022-02-20,0.12271339023708308,-0.4693878976864446,0.19701903405596813,-0.2661337730629292
2022-02-21,1.032802778095519,-0.4255634246761882,0.6107936903736875,-0.39754067967897955
2022-02-22,1.6809048142700616,0.8658503099790846,-0.8843998794381881,-0.9317052092136217
2022-02-23,-0.47207533690749975,0.33645310163417014,-0.3730158353615069,-0.4260869054995978
2022-02-24,-1.470676015579814,-0.5627983702189334,-0.2064844303579657,0.8819569615956975
2022-02-25,-1.3138852197028275,-0.22028213703260568,1.529782208006706,-1.14653626195302
2022-02-26,-0.25341178122978886,-0.9184605990097329,-1.018592374965246,1.3199739279076907
2022-02-27,0.9234908525922009,0.7000385778081686,-0.0200900749320354,-0.5453308996277335
2022-02-28,0.48970303992443664,-0.2877652839140869,-0.03042535117782086,0.5902498308871708
2022-03-01,-0.35558522268670784,-1.6962012116970595,-0.8739514608892082,1.009257863216904
2022-03-02,-0.3516466269859853,-0.9006074152124635,1.014966659548735,-0.7496119663775795
2022-03-03,0.008853341718956322,-0.3785941221399028,-0.48182087109880617,0.4742953660376871
2022-03-04,-0.5486407265546578,-1.0947984508679585,-0.4303033671789596,-0.35160738142005366
2022-03-05,0.15778027027060632,-0.7041330648503153,-0.21148289981655882,-0.15195160923289605
2022-03-06,-0.5870821783592222,0.739595502266206,0.917317473906225,0.9376347217198686
2022-03-07,0.6437361760499547,2.3749640532055905,1.1928545013987182,0.3967881289953275
2022-03-08,-1.3852525660346262,-0.9947856410264145,-0.7154980758593353,-0.42484439081204056
2022-03-09,1.877297542046072,2.2810434082594924,-0.5963123318698904,-0.14626430280160588
2022-03-10,-0.20290654220703852,-0.2972353598000291,-1.8785471317044196,-0.6239563377065851
2022-03-11,0.019913176534130755,-1.852199903083314,-0.8172540845989855,0.23697501059650877
2022-03-12,-0.9860554785611246,0.26484237613293315,-0.7411907042157243,0.014995934511356671
2022-03-13,-0.2973348384686616,-1.0065591291694673,0.2593329632345393,0.6833742103183148
2022-03-14,-0.752679909282176,0.36910020607163146,-1.315312934471772,0.6297033352098124
2022-03-15,0.1075187279998285,-1.045821339482658,0.34922223555462595,-0.11622645839750562
2022-03-16,0.8314968238121615,1.8615230718196691,-1.4018437393356828,0.769627311702646
2022-03-17,0.9297279499135294,0.30094478256447177,-1.4350676318236912,-0.05505970372455652
2022-03-18,0.8428773131715096,-1.3512374394466953,-0.18226891235032328,-1.8325662929095463
2022-03-19,0.7110015845395389,-1.6929822661910034,-0.22319438763808916,0.013059991717592971
2022-03-20,0.4074059431770733,0.4661409469097309,0.39373920508519317,-1.4138424977129838
2022-03-21,1.5997014960637088,-1.2856695250614665,-1.4616113310207366,-1.3763634858652118
2022-03-22,-0.8858071986420928,-0.05506916244302676,-0.31706139006060646,0.9456846505087887
2022-03-23,0.080198350807408,0.9587754124978077,-1.212872575309395,1.5490673208012575
2022-03-24,-1.4544434690396035,-0.10153123538814202,-0.7996344059548701,-1.5068412704866752
2022-03-25,-0.3991862492488656,0.4577964136670732,-0.9810243811212095,0.7794823006487431
2022-03-26,0.5483774995376554,-0.10695042504293024,2.332957808331448,-0.27698664368810216
2022-03-27,1.693992121263827,0.974101468739003,-1.0956671379647298,0.13731232457652384
2022-03-28,-0.2832938810702749,1.7034853167184494,-0.7880775325845669,0.3627728708454124
2022-03-29,0.8216412077969348,-0.6314203237237421,1.8100195134578672,-0.29899983611740416
2022-03-30,0.2526395177753886,-0.47046742770690586,1.0297157831408479,-1.123346191010655
2022-03-31,-0.9151251796078782,-0.22311183482562888,2.342807251456621,-1.4998722746250142
2022-04-01,-2.0062677896697374,1.255609844772772,-0.3579209459153541,1.0331278781653015
2022-04-02,1.6990842997121691,-0.6873058194999284,0.2681199091016884,0.5150516058674598
2022-04-03,1.549560745916021,0.6355866322299856,-0.6553403381080728,-0.15489830720060602
2022-04-04,-0.9319310198381985,-0.09974395802955528,-0.399600738063242,1.2611322038205433
2022-04-05,-0.3032955802147229,-0.1572261438352972,-1.178358581942205,-0.8154241555627035
2022-04-06,-0.11123716882099279,0.023723175707326658,-1.3475331643853377,-1.529867756831093
2022-04-07,1.8476395887696984,1.1401222778782714,0.12440121102857843,0.2735102795807812
2022-04-08,-1.4876313080614707,-2.0135735485829764,-0.07320890805585144,0.8539228662797422
2022-04-09,1.0455856311604084,1.448465765432397,0.566870041110384,-0.11322257733521493
2022-04-10,0.19856148514855676,-0.7019829750195643,0.026784569652004552,0.40079645487612375
2022-04-11,-1.5059844769174398,-0.7927637661463055,-1.0817726825466925,0.5504794590976045
2022-04-12,0.8017754028130583,-0.12148508624819472,-0.5484673645711219,-1.1356796003288476
2022-04-13,0.5688572089905676,-1.4418283379451295,-0.215185228563606,1.6127966176116064
2022-04-14,2.3684452329488366,0.613667201591578,0.5509446711818488,1.0693692470593177
2022-04-15,-0.09619112708796584,-0.2769239969856339,-0.31184468572664925,-0.661238194977358
2022-04-16,0.5350656299491761,1.6790781938256023,0.05419593846489161,-0.7179063125389166
2022-04-17,0.6957769191394391,2.2425997650309593,-1.6635206808695906,0.7787364649859967
2022-04-18,0.7676763377466829,-0.2789878068679902,0.6313990340791559,-0.7470406588604614
2022-04-19,0.472770186209861,0.6323803301454285,-1.6520086876044568,0.0737097685320876
2022-04-20,0.2389739025822847,-0.5559256017878683,0.5289678179632461,-0.9532385364530431
2022-04-21,0.21654794525111004,-1.3928239097356425,-2.1664935457096934,1.6351327652094167
2022-04-22,0.7645847786510008,1.6610323821533963,-0.7415407500447987,1.3169458879154072
2022-04-23,-0.5831251926362775,-0.927568397786768,0.37545944177859825,1.156112267082603
2022-04-24,-1.632602938235108,-1.7722196268912718,1.4144257896450225,-1.4571749749488987
2022-04-25,1.2565918278590225,-0.44718317967754584,1.4297620911020112,-0.5671865259784388
2022-04-26,0.18039880312505577,-0.05030314961876312,1.1490611654951461,-0.3083157515667188
2022-04-27,-1.5838852105061119,-0.21212696374588502,-0.42625117521219413,-1.5350586527362418
2022-04-28,0.5883838877954506,0.4504059168261783,-0.6064881735545902,0.104839407305509
2022-04-29,-0.5847405469412456,-0.2736263479366619,2.054961166459244,-1.5103751507353291
2022-04-30,1.8570492545321198,1.1844218162988038,-0.44463522584983023,0.3114660899467473
2022-05-01,-1.3814466652068724,-1.2146277389008062,-0.07158026227366059,-1.0641097351390691
2022-05-02,-1.254832999193555,0.7531780227165488,-0.2798006913615888,-1.393468875510452
2022-05-03,-1.706854070025547,0.3553808304981258,0.8133414081929983,0.20340876768380212
2022-05-04,-0.5065555661756407,0.9296118608837941,0.04577445885891666,1.9656219407134963
2022-05-05,-0.7402043295041095,-0.02289717453448882,-1.6356605143543927,-0.48656049183618366
2022-05-06,-0.8826099623655089,0.5552539945548072,1.7896310186555267,1.028944203199558
2022-05-07,0.12594942665679887,-0.42971037223427966,-0.270524529049209,1.4861303999574431
2022-05-08,1.3676317502150135,0.8235674266052502,0.6658615690084414,0.9795995286167096
2022-05-09,0.1051446041964245,0.8639849727670885,-0.4015007753976567,2.163978615093187
2022-05-10,0.9591252247037334,-0.5341703592356355,0.3662909962469333,0.07384834510117878
2022-05-11,0.6450275374024419,-2.0560291623680826,-0.94122874559942,-0.6272847677936975
2022-05-12,1.8058112627359442,-1.3772841468691714,0.0006242938264888916,-0.05092543464678582
2022-05-13,0.5025983277900364,-0.9837078707873759,0.38365190704583296,0.27140680097022907
2022-05-14,-0.694333919384093,-0.8395699121519605,-1.4008820123702588,1.1199438860299835
2022-05-15,-0.7644419669086323,-1.0748068263763755,-0.2390780074520213,0.5139425998446806
2022-05-16,2.3826241563414343,0.36562915709088806,-0.21873500596152548,0.23548612160096713
2022-05-17,-2.3701185710496144,-0.13712464757519632,0.8375550570199017,-0.4936816246703598
2022-05-18,-0.44794706784504795,0.44959583800310465,-1.0192560291458552,0.2046226524809963
2022-05-19,-0.5213704867646981,-0.36343700346920016,0.3672645710009328,0.42418796754987476
2022-05-20,0.053741374929135916,-1.1333918213621976,1.0013451315310409,-0.22138822350677895
2022-05-21,0.16608497418843166,0.7188307081190312,0.06679558412043345,-0.16092602832206315
2022-05-22,1.547569867922824,1.3798247205708412,-0.24911084582349907,0.010527395868272236
2022-05-23,-0.5559623186644117,-1.120052576502586,-0.2745277666239625,-0.8948663515861162
2022-05-24,0.06710871663591937,-1.35109073369791,-1.1720662555453278,-0.8643301867594508
2022-05-25,-0.1707040392460596,-1.0731448879412164,-0.8109492777604492,1.0047803923965817
2022-05-26,2.87073798224907,0.28819541441301727,1.790475259688745,1.1300039464024967
2022-05-27,0.32117934860218506,1.414594288983347,-0.5119475064831607,0.3644509445400036
2022-05-28,1.7051199234347802,-0.6318911553622477,1.4154582813072105,1.820650255759221
2022-05-29,-0.5471672091419835,1.3997127442796862,-0.8506915525020898,0.15717584625123232
2022-05-30,-0.8072660873096233,-1.983339651272558,0.9933869647637131,-1.9478665034548088
2022-05-31,1.1062579892547701,0.13639607307704057,0.6323154104088989,-0.3982993608888239
2022-06-01,-1.6286816677238063,-0.8244492698945397,-0.8633798749629842,2.493065306744263
2022-06-02,1.018986676196341,0.9940703995201323,-1.4531444613319149,-0.8233612155409008
2022-06-03,0.9807335686642047,-1.5017977942849776,-0.3676362320763881,0.673498472227377
2022-06-04,0.3585532573446802,-0.32798437989328355,-0.9854373958652054,0.7401472973676401
2022-06-05,0.29912977199687163,-0.562601278601052,-1.2007431083605453,-2.7063251262621235
2022-06-06,-0.6103912992769637,0.6163703822366859,-0.9090354101423402,0.5834232763272256
2022-06-07,0.20034867387344063,0.2792230028138781,-1.1947263261607515,-0.5919668627070238
2022-06-08,1.1999821344766592,-0.1773785319173962,0.262654039715923,-2.328906294380245
2022-06-09,0.2406620886382826,-0.1832445374683791,0.23508077743325115,2.8178690669699877
2022-06-10,-0.7053025440350025,0.40100672211573146,-0.08330834274823991,-0.6542550000218754
2022-06-11,1.3844009871420762,1.663112379699137,-0.4115622730808684,-0.19157928135085617
2022-06-12,-0.7495745646976435,-0.047908706967361006,-0.5989065684455404,-0.004694406083724611
2022-06-13,-0.24784238341777484,-2.5306714692357213,0.23868272636192173,-0.5215426064916644
2022-06-14,0.7496355189414815,0.27457390403616233,2.0640138168167237,1.2979652501235381
2022-06-15,0.5892323204595257,0.20615109933706055,-1.4465069335012424,-0.2090936075877132
2022-06-16,0.5440018109973027,-0.430737342323076,-0.4414564584416012,-0.24724250902477343
2022-06-17,0.557685442750926,-0.47132873456481555,-0.6552679060141977,-0.1216593080604407
2022-06-18,1.2789464318920039,0.613133513453586,-0.01875922534800909,-0.09914528999733571
2022-06-19,-0.2240152151811485,0.947298090070675,-0.6237312591486536,-0.10188206651112566
2022-06-20,-0.09901247655068328,-0.19487152956051607,-1.3719544228616338,0.026485931045500677
2022-06-21,-0.5170896594190484,0.9040190692297952,1.6661136852621556,0.8952202917931912
2022-06-22,-0.5511589655945367,-0.47138860302746155,0.7721486636061762,-0.6858417065950398
2022-06-23,-2.2427174959651435,0.6190352413185434,-1.0839667528220331,-0.9954446253838867
2022-06-24,-0.13458876250391894,-1.4368602275274704,-0.4658573180240671,-1.2577884843616693
2022-06-25,0.48977088659138746,-0.21942278558676878,-0.9134484161744996,-0.7916212729786092
2022-06-26,0.16285032765630228,0.8587128355067333,0.3811385737938924,-0.4583039135962432
2022-06-27,-0.8092416905585383,-1.5863267288031448,0.05007690536861866,1.7001532343846337
2022-06-28,-0.21583370246810224,-1.8949133024806106,0.05075839562795389,0.5131423878275353
2022-06-29,0.9031362955799711,0.9832002700219531,1.0075598631713496,1.0822575809581463
2022-06-30,0.9109670212833051,-0.7293608231409446,0.38496658781013315,-1.0028436394410138
2022-07-01,-0.43400041438427356,0.33577408784858637,0.9755738051488432,1.1322390532164393
2022-07-02,-0.5558004214495327,0.3403148040990658,-0.6843269306955772,-2.1206071055140794
2022-07-03,-0.30356983162201706,0.9089399280501945,-0.49956621736618567,-1.1282943973502884
2022-07-04,0.488228041434127,-0.6328820192552298,0.595200633126607,2.5120122235865687
2022-07-05,0.9449241606477561,-0.18776593827237065,0.6084223093423335,-0.6132732570031745
2022-07-06,0.13765713598908272,-0.9933816033403824,-0.40958338200853667,-1.2634044582937745
2022-07-07,1.6077088477482038,-1.6164971064012297,-1.5454273492595403,1.2514986017839749
2022-07-08,0.23488155973200853,0.3576524545089242,1.3886299003605675,0.010417787545106005
2022-07-09,-0.12579496407064095,1.4921941649314323,0.6511586082784225,-0.23146002201234017
2022-07-10,1.5812173500400788,0.2895872023001009,1.7241903987847702,0.6283039951584759
2022-07-11,-0.4285936513794546,-0.5872846485761986,-0.6116651475705246,-0.7159883665653406
2022-07-12,0.004456925704656954,-1.2265770346580815,-0.529661937323919,-1.4948535555275544
2022-07-13,-1.49352859841547,-0.04097159543870516,-0.8308026254455476,1.573755154727618
2022-07-14,-1.1911639456160361,1.5994495786129859,2.348299859041643,0.3705451434454528
2022-07-15,0.1463234465997612,-0.5992107270058404,0.5451205319886454,-0.7789903981898979
2022-07-16,-0.1471516573887051,-1.4479311305187492,-0.1035642191792293,-1.0090505059521657
2022-07-17,-0.37237529817762827,1.6399971249038943,1.3574897474626,1.6350645664169936
2022-07-18,0.9425783135614332,-0.28264713136706654,-0.6297485725569093,-0.503019276762316
2022-07-19,-0.985987893404778,1.1581998021091955,-0.7476384292931089,0.3047142727149138
2022-07-20,-0.1522816735459296,-0.5326176002056635,0.6604307819515847,0.23774052543294205
2022-07-21,-1.2358018563137163,-0.29889959761904517,0.9290956640919812,-1.3610770649141104
2022-07-22,-0.48782739067751735,-1.0672545081397808,-2.831667542042611,1.1711409650934597
2022-07-23,0.4284553618798071,-0.08852834049016167,-1.0527708826176219,1.2117695742901466
2022-07-24,0.6456824665709371,-0.33270083626150176,1.235059327311416,1.0569854131435563
2022-07-25,1.449419385294141,0.8019965744946407,-0.9971760221222831,0.7696381950808172
2022-07-26,0.6756199970786602,0.4159750645863646,0.22501669493832663,0.3198177816070286
2022-07-27,0.7515738556585261,0.010027133960389787,-2.140926634692392,-1.167531672476905
2022-07-28,0.6162222452595717,-0.1442675852710504,-0.5407592522898621,0.5338989791667522
2022-07-29,0.6733208313708773,-0.39995567665443077,-0.6812849196092808,0.011578169623724495
2022-07-30,-0.4929154616151892,0.7145237443308347,-0.9139283786698317,-1.0708643700720766
2022-07-31,0.8739268315642434,0.2377192206289182,1.0209292177843061,0.1721214799230032
2022-08-01,-0.3516733779947957,-0.25376881183059086,0.18643671308435986,-0.11712816349645765
2022-08-02,0.6171589203627369,0.5953262540861501,0.3707619436453505,1.139514732816659
2022-08-03,-0.26915549562382446,0.6587292439411877,-0.777220243241544,2.4358981767411176
2022-08-04,0.7295778874557929,-1.5836525684430711,0.479856930636249,1.2579359175092268
2022-08-05,1.0156012086970359,-0.17392505167853797,-0.5757152932211502,-1.6096835175785105
2022-08-06,-0.9673225916745636,-0.9050167978609225,-1.3171156177756451,1.4182676538963586
2022-08-07,-0.18549203357831426,-0.33583968696063665,1.3372125629801348,1.799300701237385
2022-08-08,-0.12174803515325855,-1.3382226275907785,-0.0025788720748161588,-0.45387734528065277
2022-08-09,0.20498157070750772,0.11564530427729681,0.6962068734769787,-0.6600676445794093
2022-08-10,1.0437918878427948,0.7855058013098994,-2.237295519007565,1.3353300019298853
2022-08-11,0.9320601944767006,0.056132066955801675,-0.23621606563066985,1.4472515190985262
2022-08-12,-0.6922389307013616,0.9454587932207592,-1.9209062385589792,1.264939372721868
2022-08-13,-0.15975999386427195,-1.276119518278969,0.8834686811730981,-0.5996803230399201
2022-08-14,-0.31817001066742656,-0.2975726895427288,0.7276021446367128,-1.7976447126536939
2022-08-15,-1.3218238549095522,-0.08601692068813355,0.23313044338410085,-2.286618235175193
2022-08-16,-0.6458205311413434,-0.010333211929637215,-0.707807966147609,0.936758536917878
2022-08-17,-0.46118732406779706,-1.5709600916530624,-0.3251357419594419,-1.2468038953433533
2022-08-18,1.1631200431160962,0.4387575723864107,2.090159137015033,-2.190042252976579
2022-08-19,0.9777611982357257,-0.7088545228491373,-0.10794821255081183,-1.0515998992288935
2022-08-20,-0.357864735008998,0.3085256202157542,0.14458207677584956,-0.9042083242980751
2022-08-21,-0.5403691040698689,-1.7760152217038594,0.527908357800564,0.13113218971809346
2022-08-22,-0.045923450042762146,-0.2137233619714933,0.10188031618921489,0.2524725946132798
2022-08-23,0.15031106746359865,-0.9069854422845144,1.179614528015173,-1.5132863346245606
2022-08-24,-0.029696452508815842,-0.4057710353063646,-1.754329706645415,-1.5332497456090868
2022-08-25,1.0463773564400092,-0.8804554141218985,-1.5970769796986912,-2.63431321874747
2022-08-26,-0.7723947558610935,-0.23637229400466855,0.3443089860485831,-1.3195674675118712
2022-08-27,-1.1274860070171224,-0.37212810228673526,0.23224905324772066,-0.6017919293188954
2022-08-28,0.9217690358170858,-1.2015842926279219,-1.2593706133219857,-0.1268266281453473
2022-08-29,1.4549159506291034,1.0514307725244647,1.5259186094220334,-0.7116929791218487
2022-08-30,0.7982704828091843,-2.1981208978448286,1.304258231727124,2.0981518778133648
2022-08-31,0.9877970078531204,2.050706319671667,-0.6720097851328503,1.203119651370216
2022-09-01,1.030382636624361,1.0665600506834731,-2.2389545642234947,0.0007640518422270127
2022-09-02,-1.978377412448259,-1.4535158529860428,1.203062986896463,-1.9084754897794198
2022-09-03,0.47196925031357334,-0.01117545801310708,-1.0970591324890666,-0.07690615536869533
2022-09-04,-0.7297241334337907,0.03453132697195113,-0.5081989117173068,0.11232055948497022
2022-09-05,1.827926451956611,-0.12603792452859736,0.15121893443111395,0.3616156602236943
2022-09-06,0.5701629135543818,-1.3891205023575826,0.31555855764041046,-0.16277749074642453
2022-09-07,-0.13855793819937667,-0.7815365462629066,-1.7779618708695626,0.5175304626624316
2022-09-08,-0.8110614567258063,0.14807084030356343,-0.5400792423212321,1.0093258292231426
2022-09-09,0.367950338982985,-0.6857669213950673,0.1619933560653621,-0.8020669557361441
2022-09-10,1.5262944619702044,-1.2690800185558713,-0.1089085746795307,0.5532438175794475
2022-09-11,-0.5548646459495457,1.2583518955249795,1.2381553140998027,0.8935103532146368
2022-09-12,1.4317317851571827,-0.06084076749378995,2.0718494078754475,0.8906416998667607
2022-09-13,-1.0185350615295552,1.3642605471333535,-1.384670017392868,-1.8381181974939167
2022-09-14,-1.4966648628390389,-2.572557837870891,0.4372224392686813,-0.3883324001596413
2022-09-15,0.2684363223733285,-0.14536758289877538,0.6093893890062482,-0.7696695136086441
2022-09-16,-1.6800822256858536,0.41867775397342916,0.19354069474108918,-0.021964484843885555
2022-09-17,0.633545721165744,-1.767530447877135,-0.6298808465957582,-0.11934775549563331
2022-09-18,0.5586303748507826,-1.3088075876872376,-0.13311509512285655,-0.28421598870279174
2022-09-19,1.2196712226675959,-0.6412332838279005,-0.3372708525080451,-2.264503320974115
2022-09-20,0.2509329948529347,-1.3220201715085176,-0.6861779939329595,-0.9026902669137201
2022-09-21,-0.9048396588702011,0.5835413321606708,0.30847483558250377,-0.19452234704372282
2022-09-22,-2.6065181800808035,-0.05264282093903693,-1.7588228778890416,-0.9977202193102775
2022-09-23,-0.9348829730967204,-1.3047141961040272,0.7057405998018803,-0.7000977958751611
2022-09-24,1.116805318828914,0.3731542719409238,0.017943659115729572,-1.8071578627892078
2022-09-25,1.0115118797995335,-1.620245476472658,1.9527633220780756,-0.6823828957460643
2022-09-26,-0.30869408976668705,1.3279336125581225,0.0636581246193991,-0.8551078466760897
